name,nodeID,widthThreshold,nodeArea,nodeDegree,degreeAsymmetry,subtreeDegreeAsymmetry,areaAsymmetry,subtreeAreaAsymmetry,nodeHortonStrahler,Area,Perimeter,MajorAxisLength,MinorAxisLength,Eccentricity,Orientation,Circularity,Elongation,Roughness,VTotLen,VTotVol,MSTLength,MSTRatio,Boundary,vein_density
UCBG-Micpla500577-B01-3_20200217_0129_01_01_01__stitch_crop_HLD,1,0,732.2626118,1,0,0,0,0,1,732.2626118,195.7885346,70.63304242,16.79408184,0.971322652,-82.36414942,0.240050278,4.205829356,52.34891096,1024.986604,12.05806351,976.0648845,0.95227087,1,1.349359018
UCBG-Micpla500577-B01-3_20200217_0129_01_01_01__stitch_crop_HLD,2,0,0.000726842,1,0,0,0,0,1,0.000726842,0.07263024,0.033923923,0.028060858,0.561951487,0,1.731468844,1.20894105,7.257636,1024.986604,12.05806351,976.0648845,0.95227087,0,1.349359018
UCBG-Micpla500577-B01-3_20200217_0129_01_01_01__stitch_crop_HLD,3,0,0.00340707,1,0,0,0,0,1,0.00340707,0.2046264,0.07226826,0.06400446,0.464351409,-67.13738785,1.022510068,1.129112881,12.289728,1024.986604,12.05806351,976.0648845,0.95227087,0,1.349359018
UCBG-Micpla500577-B01-3_20200217_0129_01_01_01__stitch_crop_HLD,4,0,0.000545131,1,0,0,0,0,1,0.000545131,0.06499382,0.03389778,0.021473158,0.773768909,9.416876456,1.621686034,1.578611767,7.748954083,1024.986604,12.05806351,976.0648845,0.95227087,0,1.349359018
UCBG-Micpla500577-B01-3_20200217_0129_01_01_01__stitch_crop_HLD,5,0,0.000363421,1,0,0,0,0,1,0.000363421,0.05055674,0.028713038,0.018480707,0.765332868,-65.59296258,1.786740658,1.55367638,7.033125125,1024.986604,12.05806351,976.0648845,0.95227087,0,1.349359018
UCBG-Micpla500577-B01-3_20200217_0129_01_01_01__stitch_crop_HLD,6,0,0.000772269,1,0,0,0,0,1,0.000772269,0.08656856,0.035684088,0.030000746,0.541451854,82.98187827,1.29496548,1.189440021,9.704019765,1024.986604,12.05806351,976.0648845,0.95227087,0,1.349359018
UCBG-Micpla500577-B01-3_20200217_0129_01_01_01__stitch_crop_HLD,7,0,2.074451354,1,0,0,0,0,1,2.074451354,9.900049,4.677643335,0.576255196,0.99238267,60.20305546,0.265973538,8.117312208,47.2466949,1024.986604,12.05806351,976.0648845,0.95227087,0,1.349359018
UCBG-Micpla500577-B01-3_20200217_0129_01_01_01__stitch_crop_HLD,8,0,0.00472447,1,0,0,0,0,1,0.00472447,0.2265314,0.080167126,0.07659823,0.295050038,4.672894673,1.156927591,1.046592407,10.86184712,1024.986604,12.05806351,976.0648845,0.95227087,0,1.349359018
UCBG-Micpla500577-B01-3_20200217_0129_01_01_01__stitch_crop_HLD,9,0,0.00699585,1,0,0,0,0,1,0.00699585,0.31415814,0.126841938,0.07201709,0.823187003,-4.535150683,0.890745719,1.761275519,14.10769689,1024.986604,12.05806351,976.0648845,0.95227087,0,1.349359018
UCBG-Micpla500577-B01-3_20200217_0129_01_01_01__stitch_crop_HLD,10,0,0.0013174,1,0,0,0,0,1,0.0013174,0.12001244,0.044317539,0.042108842,0.311756564,72.29147236,1.149410404,1.052452097,10.932884,1024.986604,12.05806351,976.0648845,0.95227087,0,1.349359018
UCBG-Micpla500577-B01-3_20200217_0129_01_01_01__stitch_crop_HLD,11,0,0.000999407,1,0,0,0,0,1,0.000999407,0.10105956,0.046774683,0.028837914,0.787332765,14.36092555,1.229695353,1.62198562,10.21909255,1024.986604,12.05806351,976.0648845,0.95227087,0,1.349359018
UCBG-Micpla500577-B01-3_20200217_0129_01_01_01__stitch_crop_HLD,12,0,0.000227138,1,0,0,0,0,1,0.000227138,0.03790576,0.018743179,0.018743179,0,0,1.986503087,1,6.3258752,1024.986604,12.05806351,976.0648845,0.95227087,0,1.349359018
UCBG-Micpla500577-B01-3_20200217_0129_01_01_01__stitch_crop_HLD,13,0,0.000635986,1,0,0,0,0,1,0.000635986,0.07012296,0.032900716,0.026034307,0.611429251,24.35764455,1.625313762,1.263744639,7.731658286,1024.986604,12.05806351,976.0648845,0.95227087,0,1.349359018
UCBG-Micpla500577-B01-3_20200217_0129_01_01_01__stitch_crop_HLD,14,0,0.00245309,1,0,0,0,0,1,0.00245309,0.20273246,0.091361479,0.040313984,0.897380285,-63.662718,0.750026894,2.266247856,16.75456002,1024.986604,12.05806351,976.0648845,0.95227087,0,1.349359018
UCBG-Micpla500577-B01-3_20200217_0129_01_01_01__stitch_crop_HLD,15,0,0.003815918,1,0,0,0,0,1,0.003815918,0.23929696,0.107234133,0.048462727,0.892051491,-62.49669702,0.837403131,2.212713571,15.00635733,1024.986604,12.05806351,976.0648845,0.95227087,0,1.349359018
UCBG-Micpla500577-B01-3_20200217_0129_01_01_01__stitch_crop_HLD,16,0,0.005405884,1,0,0,0,0,1,0.005405884,0.25864076,0.100466833,0.071588973,0.701607877,15.64550795,1.015506443,1.403384188,12.37448635,1024.986604,12.05806351,976.0648845,0.95227087,0,1.349359018
UCBG-Micpla500577-B01-3_20200217_0129_01_01_01__stitch_crop_HLD,17,0,0.002816511,1,0,0,0,0,1,0.002816511,0.21355016,0.094322459,0.040601287,0.90261349,-45.24587614,0.7761069,2.323139623,16.19154606,1024.986604,12.05806351,976.0648845,0.95227087,0,1.349359018
UCBG-Micpla500577-B01-3_20200217_0129_01_01_01__stitch_crop_HLD,18,0,0.005951016,1,0,0,0,0,1,0.005951016,0.29236772,0.102101265,0.079839821,0.623319812,28.08184944,0.874867152,1.27882632,14.36374721,1024.986604,12.05806351,976.0648845,0.95227087,0,1.349359018
UCBG-Micpla500577-B01-3_20200217_0129_01_01_01__stitch_crop_HLD,19,0,0.000772269,1,0,0,0,0,1,0.000772269,0.07837272,0.037798711,0.027288392,0.691955918,-45,1.57996963,1.385157134,7.953552,1024.986604,12.05806351,976.0648845,0.95227087,0,1.349359018
UCBG-Micpla500577-B01-3_20200217_0129_01_01_01__stitch_crop_HLD,20,0,0.011129762,1,0,0,0,0,1,0.011129762,0.44253492,0.146291374,0.109868721,0.660271891,22.89311092,0.714168432,1.331510671,17.59580802,1024.986604,12.05806351,976.0648845,0.95227087,0,1.349359018
UCBG-Micpla500577-B01-3_20200217_0129_01_01_01__stitch_crop_HLD,21,0,0.000726842,1,0,0,0,0,1,0.000726842,0.08656856,0.039814886,0.025903906,0.759413261,-31.71747441,1.21879104,1.537022506,10.310521,1024.986604,12.05806351,976.0648845,0.95227087,0,1.349359018
UCBG-Micpla500577-B01-3_20200217_0129_01_01_01__stitch_crop_HLD,22,0,0.000999407,1,0,0,0,0,1,0.000999407,0.09158312,0.042236452,0.031044542,0.678047859,31.20135207,1.497343592,1.360511352,8.392442909,1024.986604,12.05806351,976.0648845,0.95227087,0,1.349359018
UCBG-Micpla500577-B01-3_20200217_0129_01_01_01__stitch_crop_HLD,23,0,0.001090262,1,0,0,0,0,1,0.001090262,0.10479352,0.048801237,0.030633964,0.778431749,-21.91543034,1.24759045,1.593043495,10.07251267,1024.986604,12.05806351,976.0648845,0.95227087,0,1.349359018
UCBG-Micpla500577-B01-3_20200217_0129_01_01_01__stitch_crop_HLD,24,0,0.000908552,1,0,0,0,0,1,0.000908552,0.09403648,0.043332137,0.028190072,0.759456512,90,1.291120939,1.537141789,9.7329152,1024.986604,12.05806351,976.0648845,0.95227087,0,1.349359018
UCBG-Micpla500577-B01-3_20200217_0129_01_01_01__stitch_crop_HLD,25,0,0.00208967,1,0,0,0,0,1,0.00208967,0.15780362,0.07177509,0.0392635,0.837109612,-24.65115979,1.054516951,1.828035965,11.91670802,1024.986604,12.05806351,976.0648845,0.95227087,0,1.349359018
UCBG-Micpla500577-B01-3_20200217_0129_01_01_01__stitch_crop_HLD,26,0,0.001544538,1,0,0,0,0,1,0.001544538,0.14459322,0.067427517,0.031506478,0.884117628,-12.22826948,0.928352082,2.14011596,13.53621203,1024.986604,12.05806351,976.0648845,0.95227087,0,1.349359018
UCBG-Micpla500577-B01-3_20200217_0129_01_01_01__stitch_crop_HLD,27,0,0.000726842,1,0,0,0,0,1,0.000726842,0.08082608,0.037121025,0.026819216,0.691391335,-45,1.398126949,1.384120469,8.988004,1024.986604,12.05806351,976.0648845,0.95227087,0,1.349359018
UCBG-Micpla500577-B01-3_20200217_0129_01_01_01__stitch_crop_HLD,28,0,0.000272566,1,0,0,0,0,1,0.000272566,0.0397997,0.022466667,0.017402605,0.632455532,45,2.162326698,1.290994449,5.811504167,1024.986604,12.05806351,976.0648845,0.95227087,0,1.349359018
UCBG-Micpla500577-B01-3_20200217_0129_01_01_01__stitch_crop_HLD,29,0,0.001044835,1,0,0,0,0,1,0.001044835,0.10802872,0.043196811,0.033609023,0.628209679,-16.25199448,1.125068674,1.285274213,11.16942539,1024.986604,12.05806351,976.0648845,0.95227087,0,1.349359018
UCBG-Micpla500577-B01-3_20200217_0129_01_01_01__stitch_crop_HLD,30,0,0.002407663,1,0,0,0,0,1,0.002407663,0.16739464,0.06430013,0.050381538,0.621344995,60.51532866,1.079748057,1.276263742,11.63824332,1024.986604,12.05806351,976.0648845,0.95227087,0,1.349359018
UCBG-Micpla500577-B01-3_20200217_0129_01_01_01__stitch_crop_HLD,31,0,0.000908552,1,0,0,0,0,1,0.000908552,0.09531708,0.047907241,0.025669081,0.844339883,-9.730606173,1.256661164,1.866340346,9.9998082,1024.986604,12.05806351,976.0648845,0.95227087,0,1.349359018
UCBG-Micpla500577-B01-3_20200217_0129_01_01_01__stitch_crop_HLD,32,0,0.204333345,1,0,0,0,0,1,0.204333345,1.7758552,0.54057686,0.522256814,0.258130004,-1.808289774,0.814205451,1.035078617,15.43390627,1024.986604,12.05806351,976.0648845,0.95227087,0,1.349359018
UCBG-Micpla500577-B01-3_20200217_0129_01_01_01__stitch_crop_HLD,33,0,1.154133606,1,0,0,0,0,1,1.154133606,5.13691796,2.210307307,0.689798013,0.950055038,58.20161938,0.549617676,3.204281929,22.86384003,1024.986604,12.05806351,976.0648845,0.95227087,0,1.349359018
UCBG-Micpla500577-B01-3_20200217_0129_01_01_01__stitch_crop_HLD,34,0,0.069049952,1,0,0,0,0,1,0.069049952,1.17414844,0.500142678,0.196092617,0.919933957,-65.00003115,0.629400718,2.550543137,19.96561213,1024.986604,12.05806351,976.0648845,0.95227087,0,1.349359018
UCBG-Micpla500577-B01-3_20200217_0129_01_01_01__stitch_crop_HLD,35,0,0.678506634,1,0,0,0,0,1,0.678506634,3.9481572,1.660902856,0.549471875,0.943691343,57.55048054,0.546984588,3.022725876,22.97390254,1024.986604,12.05806351,976.0648845,0.95227087,0,1.349359018
UCBG-Micpla500577-B01-3_20200217_0129_01_01_01__stitch_crop_HLD,36,0,0.004906181,1,0,0,0,0,1,0.004906181,0.24626612,0.092782386,0.068924835,0.669440686,85.70551303,1.016585888,1.346138682,12.3613467,1024.986604,12.05806351,976.0648845,0.95227087,0,1.349359018
UCBG-Micpla500577-B01-3_20200217_0129_01_01_01__stitch_crop_HLD,37,0,0.031117906,1,0,0,0,0,1,0.031117906,0.72747516,0.267233367,0.169847785,0.772036243,-1.968987358,0.738896979,1.573369752,17.00693191,1024.986604,12.05806351,976.0648845,0.95227087,0,1.349359018
UCBG-Micpla500577-B01-3_20200217_0129_01_01_01__stitch_crop_HLD,38,0,0.032662444,1,0,0,0,0,1,0.032662444,0.8205276,0.370864899,0.115688458,0.950101041,49.09654764,0.609638182,3.205720827,20.61283394,1024.986604,12.05806351,976.0648845,0.95227087,0,1.349359018
UCBG-Micpla500577-B01-3_20200217_0129_01_01_01__stitch_crop_HLD,39,0,0.742650405,1,0,0,0,0,1,0.742650405,4.57009744,2.018913778,0.501504822,0.968656702,57.99408263,0.446831073,4.025711598,28.12331411,1024.986604,12.05806351,976.0648845,0.95227087,0,1.349359018
UCBG-Micpla500577-B01-3_20200217_0129_01_01_01__stitch_crop_HLD,40,0,0.509879382,1,0,0,0,0,1,0.509879382,3.89621202,1.664323128,0.415855523,0.968280773,64.25448782,0.422077451,4.002166702,29.77266512,1024.986604,12.05806351,976.0648845,0.95227087,0,1.349359018
UCBG-Micpla500577-B01-3_20200217_0129_01_01_01__stitch_crop_HLD,41,0,0.002589373,1,0,0,0,0,1,0.002589373,0.1736898,0.071673283,0.048500232,0.736272692,-8.563885415,1.078588741,1.47779258,11.65075263,1024.986604,12.05806351,976.0648845,0.95227087,0,1.349359018
UCBG-Micpla500577-B01-3_20200217_0129_01_01_01__stitch_crop_HLD,42,0,2.784666452,1,0,0,0,0,1,2.784666452,10.1134711,4.54407422,0.841861663,0.982688442,70.27136431,0.342123236,5.397649545,36.73053827,1024.986604,12.05806351,976.0648845,0.95227087,0,1.349359018
UCBG-Micpla500577-B01-3_20200217_0129_01_01_01__stitch_crop_HLD,43,0,2.826959548,1,0,0,0,0,1,2.826959548,10.51632764,4.73732854,0.825888327,0.984686171,66.03108369,0.321219012,5.73604007,39.12088063,1024.986604,12.05806351,976.0648845,0.95227087,0,1.349359018
UCBG-Micpla500577-B01-3_20200217_0129_01_01_01__stitch_crop_HLD,44,0,0.006904995,1,0,0,0,0,1,0.006904995,0.30813932,0.113039143,0.081340435,0.694412033,-89.0045837,0.913858605,1.389704175,13.75089161,1024.986604,12.05806351,976.0648845,0.95227087,0,1.349359018
UCBG-Micpla500577-B01-3_20200217_0129_01_01_01__stitch_crop_HLD,45,0,0.055875948,1,0,0,0,0,1,0.055875948,1.00630222,0.371029738,0.218888975,0.807439817,51.56276172,0.693390532,1.695059051,18.12307789,1024.986604,12.05806351,976.0648845,0.95227087,0,1.349359018
UCBG-Micpla500577-B01-3_20200217_0129_01_01_01__stitch_crop_HLD,46,0,0.162994229,1,0,0,0,0,1,0.162994229,2.16487452,0.986930982,0.223731692,0.973965946,69.09751023,0.437035417,4.411225657,28.75366644,1024.986604,12.05806351,976.0648845,0.95227087,0,1.349359018
UCBG-Micpla500577-B01-3_20200217_0129_01_01_01__stitch_crop_HLD,47,0,2.145772686,1,0,0,0,0,1,2.145772686,7.632713,3.138650243,1.02110451,0.945599731,73.48459702,0.462845144,3.073779628,27.15026998,1024.986604,12.05806351,976.0648845,0.95227087,0,1.349359018
UCBG-Micpla500577-B01-3_20200217_0129_01_01_01__stitch_crop_HLD,48,0,0.008404106,1,0,0,0,0,1,0.008404106,0.33009824,0.132774044,0.081593667,0.788893251,63.26752376,0.969203487,1.627259173,12.96566798,1024.986604,12.05806351,976.0648845,0.95227087,0,1.349359018
UCBG-Micpla500577-B01-3_20200217_0129_01_01_01__stitch_crop_HLD,49,0,0.148230259,1,0,0,0,0,1,0.148230259,1.74162948,0.724951717,0.287312393,0.918112723,86.02995571,0.614094484,2.523217703,20.46325271,1024.986604,12.05806351,976.0648845,0.95227087,0,1.349359018
UCBG-Micpla500577-B01-3_20200217_0129_01_01_01__stitch_crop_HLD,50,0,0.024758042,1,0,0,0,0,1,0.024758042,0.57508376,0.2205939,0.145284694,0.752487062,62.7568636,0.940727744,1.518356095,13.35813757,1024.986604,12.05806351,976.0648845,0.95227087,0,1.349359018
UCBG-Micpla500577-B01-3_20200217_0129_01_01_01__stitch_crop_HLD,51,0,0.173715142,1,0,0,0,0,1,0.173715142,1.67257144,0.610869735,0.385014572,0.776373757,82.67861328,0.780329791,1.586614583,16.10392268,1024.986604,12.05806351,976.0648845,0.95227087,0,1.349359018
UCBG-Micpla500577-B01-3_20200217_0129_01_01_01__stitch_crop_HLD,52,0,0.016989922,1,0,0,0,0,1,0.016989922,0.4823818,0.194596528,0.113794085,0.81119961,11.88531112,0.917528223,1.710075949,13.69589545,1024.986604,12.05806351,976.0648845,0.95227087,0,1.349359018
UCBG-Micpla500577-B01-3_20200217_0129_01_01_01__stitch_crop_HLD,53,0,0.017807619,1,0,0,0,0,1,0.017807619,0.4946486,0.173135053,0.136991932,0.6115016,19.23864536,0.91458096,1.263833934,13.74003087,1024.986604,12.05806351,976.0648845,0.95227087,0,1.349359018
UCBG-Micpla500577-B01-3_20200217_0129_01_01_01__stitch_crop_HLD,54,0,0.023304359,1,0,0,0,0,1,0.023304359,0.55250476,0.202375596,0.15079344,0.666934085,14.91938751,0.959345349,1.342071616,13.0989019,1024.986604,12.05806351,976.0648845,0.95227087,0,1.349359018
UCBG-Micpla500577-B01-3_20200217_0129_01_01_01__stitch_crop_HLD,55,0,0.004906181,1,0,0,0,0,1,0.004906181,0.287124,0.121907045,0.05550466,0.890336482,30.09026835,0.747849868,2.196338903,16.80333333,1024.986604,12.05806351,976.0648845,0.95227087,0,1.349359018
UCBG-Micpla500577-B01-3_20200217_0129_01_01_01__stitch_crop_HLD,56,0,0.000817697,1,0,0,0,0,1,0.000817697,0.08333336,0.039154707,0.027642129,0.70823969,12.23581027,1.479668323,1.416486664,8.492694222,1024.986604,12.05806351,976.0648845,0.95227087,0,1.349359018
UCBG-Micpla500577-B01-3_20200217_0129_01_01_01__stitch_crop_HLD,57,0,0.951072234,1,0,0,0,0,1,0.951072234,4.47409288,1.778130332,0.721017919,0.91409852,60.75738062,0.597053675,2.466138891,21.04730471,1024.986604,12.05806351,976.0648845,0.95227087,0,1.349359018
UCBG-Micpla500577-B01-3_20200217_0129_01_01_01__stitch_crop_HLD,58,0,0.027483698,1,0,0,0,0,1,0.027483698,0.6061282,0.227886493,0.15654715,0.726702512,-20.15286565,0.940061035,1.455705155,13.3676114,1024.986604,12.05806351,976.0648845,0.95227087,0,1.349359018
UCBG-Micpla500577-B01-3_20200217_0129_01_01_01__stitch_crop_HLD,59,0,0.473173882,1,0,0,0,0,1,0.473173882,2.8528398,1.024856686,0.645631132,0.776617754,81.41352779,0.730593592,1.587371852,17.20022013,1024.986604,12.05806351,976.0648845,0.95227087,0,1.349359018
UCBG-Micpla500577-B01-3_20200217_0129_01_01_01__stitch_crop_HLD,60,0,0.081451687,1,0,0,0,0,1,0.081451687,1.13411284,0.401550764,0.280519122,0.715522745,-69.91382296,0.795788047,1.431455941,15.79110249,1024.986604,12.05806351,976.0648845,0.95227087,0,1.349359018
UCBG-Micpla500577-B01-3_20200217_0129_01_01_01__stitch_crop_HLD,61,0,4.058638067,1,0,0,0,0,1,4.058638067,10.13964926,4.388417618,1.355603899,0.951092916,-82.48765172,0.496071553,3.237241809,25.33177027,1024.986604,12.05806351,976.0648845,0.95227087,0,1.349359018
UCBG-Micpla500577-B01-3_20200217_0129_01_01_01__stitch_crop_HLD,62,0,0.808565852,1,0,0,0,0,1,0.808565852,3.9602892,1.65787306,0.646718949,0.920776925,38.53884093,0.647845516,2.563513969,19.39717155,1024.986604,12.05806351,976.0648845,0.95227087,0,1.349359018
UCBG-Micpla500577-B01-3_20200217_0129_01_01_01__stitch_crop_HLD,63,0,0.267795702,1,0,0,0,0,1,0.267795702,2.35167362,0.905226538,0.431340403,0.879174496,56.02541798,0.608498303,2.098636096,20.65144726,1024.986604,12.05806351,976.0648845,0.95227087,0,1.349359018
UCBG-Micpla500577-B01-3_20200217_0129_01_01_01__stitch_crop_HLD,64,0,0.352291038,1,0,0,0,0,1,0.352291038,2.55258628,0.939834038,0.528272006,0.827075573,87.81653102,0.679439197,1.779072195,18.49520997,1024.986604,12.05806351,976.0648845,0.95227087,0,1.349359018
UCBG-Micpla500577-B01-3_20200217_0129_01_01_01__stitch_crop_HLD,65,0,2.192926535,1,0,0,0,0,1,2.192926535,7.28702514,2.9289987,1.041193056,0.934684849,-66.46480814,0.518959434,2.813117783,24.21455281,1024.986604,12.05806351,976.0648845,0.95227087,0,1.349359018
UCBG-Micpla500577-B01-3_20200217_0129_01_01_01__stitch_crop_HLD,66,0,0.418161058,1,0,0,0,0,1,0.418161058,2.71860596,1.010257158,0.558139185,0.833531199,52.74641709,0.71098579,1.81004521,17.67457353,1024.986604,12.05806351,976.0648845,0.95227087,0,1.349359018
UCBG-Micpla500577-B01-3_20200217_0129_01_01_01__stitch_crop_HLD,67,0,1.219594777,1,0,0,0,0,1,1.219594777,5.05373962,2.042479851,0.799300443,0.920246919,64.17036633,0.600066933,2.555334316,20.94161489,1024.986604,12.05806351,976.0648845,0.95227087,0,1.349359018
UCBG-Micpla500577-B01-3_20200217_0129_01_01_01__stitch_crop_HLD,68,0,1.304317251,1,0,0,0,0,1,1.304317251,5.01983068,2.093857312,0.840986867,0.915795538,53.21493297,0.650451569,2.489762202,19.31945624,1024.986604,12.05806351,976.0648845,0.95227087,0,1.349359018
UCBG-Micpla500577-B01-3_20200217_0129_01_01_01__stitch_crop_HLD,69,0,0.0340707,1,0,0,0,0,1,0.0340707,0.744096,0.291742254,0.161683623,0.832383392,41.77740549,0.773273239,1.804402011,16.25088,1024.986604,12.05806351,976.0648845,0.95227087,0,1.349359018
UCBG-Micpla500577-B01-3_20200217_0129_01_01_01__stitch_crop_HLD,70,0,0.765091639,1,0,0,0,0,1,0.765091639,3.57093288,1.329698832,0.76256867,0.819212726,65.24497223,0.753980208,1.743710284,16.66671152,1024.986604,12.05806351,976.0648845,0.95227087,0,1.349359018
UCBG-Micpla500577-B01-3_20200217_0129_01_01_01__stitch_crop_HLD,71,0,0.145595458,1,0,0,0,0,1,0.145595458,1.67096732,0.742274836,0.260566603,0.93636125,36.49569838,0.655272253,2.848695222,19.17732753,1024.986604,12.05806351,976.0648845,0.95227087,0,1.349359018
UCBG-Micpla500577-B01-3_20200217_0129_01_01_01__stitch_crop_HLD,72,0,0.002998222,1,0,0,0,0,1,0.002998222,0.20830644,0.090642406,0.045844676,0.862665349,38.6539352,0.868296797,1.977163201,14.47243691,1024.986604,12.05806351,976.0648845,0.95227087,0,1.349359018
UCBG-Micpla500577-B01-3_20200217_0129_01_01_01__stitch_crop_HLD,73,0,0.205105614,1,0,0,0,0,1,0.205105614,1.9965902,0.807026533,0.34713899,0.902759481,-17.67785773,0.646561055,2.324793691,19.43570607,1024.986604,12.05806351,976.0648845,0.95227087,0,1.349359018
UCBG-Micpla500577-B01-3_20200217_0129_01_01_01__stitch_crop_HLD,74,0,0.002816511,1,0,0,0,0,1,0.002816511,0.17859652,0.067159698,0.056888595,0.531490141,77.47999538,1.109622775,1.180547675,11.32490329,1024.986604,12.05806351,976.0648845,0.95227087,0,1.349359018
UCBG-Micpla500577-B01-3_20200217_0129_01_01_01__stitch_crop_HLD,75,0,0.001090262,1,0,0,0,0,1,0.001090262,0.110536,0.051993023,0.028875058,0.831607315,20.2964526,1.121329918,1.800620557,11.20666667,1024.986604,12.05806351,976.0648845,0.95227087,0,1.349359018
UCBG-Micpla500577-B01-3_20200217_0129_01_01_01__stitch_crop_HLD,76,0.00674,732.2633386,2,0,0,0.999999007,0,2,732.2633386,195.7885346,70.63303897,16.79409673,0.971322597,-82.36412671,0.240050516,4.205825423,52.348859,1024.728568,12.05805492,976.1687763,0.952612045,1,1.349019323
UCBG-Micpla500577-B01-3_20200217_0129_01_01_01__stitch_crop_HLD,77,0.00674,732.2637021,3,0.5,0,0.999999504,0.99999851,2,732.2637021,195.7885346,70.6330468,16.79409771,0.9713226,-82.36411712,0.240050635,4.205825644,52.34883302,1024.728568,12.05805492,976.1687763,0.952612045,1,1.349019323
UCBG-Micpla500577-B01-3_20200217_0129_01_01_01__stitch_crop_HLD,78,0.00674,732.2644743,4,0.666666667,0.333333333,0.999998945,0.999998448,2,732.2644743,195.7885346,70.63306348,16.7940997,0.971322607,-82.36409685,0.240050888,4.205826138,52.34877781,1024.728568,12.05805492,976.1687763,0.952612045,1,1.349019323
UCBG-Micpla500577-B01-3_20200217_0129_01_01_01__stitch_crop_HLD,79,0.00674,732.2652012,5,0.75,0.5,0.999999007,0.999997951,2,732.2652012,195.7885346,70.63303489,16.79409443,0.971322602,-82.36409312,0.240051127,4.205825757,52.34872585,1024.728568,12.05805492,976.1687763,0.952612045,1,1.349019323
UCBG-Micpla500577-B01-3_20200217_0129_01_01_01__stitch_crop_HLD,80,0.00674,732.2654737,6,0.8,0.6,0.999999628,0.999998635,2,732.2654737,195.7885346,70.63302418,16.79409243,0.9713226,-82.36409173,0.240051216,4.205825619,52.34870636,1024.728568,12.05805492,976.1687763,0.952612045,1,1.349019323
UCBG-Micpla500577-B01-3_20200217_0129_01_01_01__stitch_crop_HLD,81,0.00674,732.2665186,7,0.833333333,0.666666667,0.999998573,0.999998199,2,732.2665186,195.7885346,70.63298306,16.79408472,0.971322593,-82.36408645,0.240051558,4.2058251,52.34863167,1024.728568,12.05805492,976.1687763,0.952612045,1,1.349019323
UCBG-Micpla500577-B01-3_20200217_0129_01_01_01__stitch_crop_HLD,82,0.00674,0.007222988,2,0,0,0.967532468,0,2,0.007222988,0.32363458,0.132773959,0.070962804,0.845191706,-4.278900933,0.866596524,1.871035989,14.50083201,1024.728568,12.05805492,976.1687763,0.952612045,0,1.349019323
UCBG-Micpla500577-B01-3_20200217_0129_01_01_01__stitch_crop_HLD,83,0.00674,732.2680631,8,0.857142857,0.714285714,0.999997891,0.999996461,2,732.2680631,195.7885346,70.63292243,16.7940736,0.971322581,-82.36407844,0.240052065,4.205824276,52.34852125,1024.728568,12.05805492,976.1687763,0.952612045,1,1.349019323
UCBG-Micpla500577-B01-3_20200217_0129_01_01_01__stitch_crop_HLD,84,0.00785672,732.273469,9,0.875,0.75,0.999992618,0.999990498,2,732.273469,195.7885346,70.63268908,16.79405144,0.971322466,-82.36405075,0.240053837,4.205815931,52.3481348,1024.696024,12.05805397,976.1917881,0.952664756,1,1.34897648
UCBG-Micpla500577-B01-3_20200217_0129_01_01_01__stitch_crop_HLD,85,0.0081359,732.2743775,10,0.888888889,0.777777778,0.999998759,0.999991375,2,732.2743775,195.7885346,70.6326472,16.79404733,0.971322446,-82.36404782,0.240054135,4.205814465,52.34806985,1024.67022,12.05805206,976.1917881,0.952688747,1,1.34894251
UCBG-Micpla500577-B01-3_20200217_0129_01_01_01__stitch_crop_HLD,86,0.0086012,732.2756949,11,0.9,0.8,0.999998201,0.999996958,2,732.2756949,195.7885346,70.63258398,16.79405055,0.971322382,-82.36404581,0.240054567,4.205809896,52.34797567,1024.607925,12.0580492,976.3454533,0.952896644,1,1.348860501
UCBG-Micpla500577-B01-3_20200217_0129_01_01_01__stitch_crop_HLD,87,0.0086012,732.2767852,12,0.909090909,0.818181818,0.999998511,0.99999671,2,732.2767852,195.7885346,70.63254448,16.79407735,0.971322257,-82.36402679,0.240054924,4.205800831,52.34789773,1024.607925,12.0580492,976.3454533,0.952896644,1,1.348860501
UCBG-Micpla500577-B01-3_20200217_0129_01_01_01__stitch_crop_HLD,88,0.0086012,0.012220024,2,0,0,0.902040816,0,2,0.012220024,0.4173408,0.150896132,0.108174404,0.697196679,30.30566039,0.881658195,1.394933796,14.25310929,1024.607925,12.0580492,976.3454533,0.952896644,0,1.348860501
UCBG-Micpla500577-B01-3_20200217_0129_01_01_01__stitch_crop_HLD,89,0.0086012,2.791571448,2,0,0,0.997520351,0,2,2.791571448,10.1816462,4.560969897,0.84193881,0.982814405,70.21536134,0.338393964,5.417222537,37.13532728,1024.607925,12.0580492,976.3454533,0.952896644,0,1.348860501
UCBG-Micpla500577-B01-3_20200217_0129_01_01_01__stitch_crop_HLD,90,0.009520724,732.2793746,13,0.916666667,0.833333333,0.999996464,0.99999497,2,732.2793746,195.7885346,70.63247593,16.79406059,0.971322259,-82.36404942,0.240055773,4.205800946,52.34771263,1024.243205,12.05802441,976.0418727,0.952939563,1,1.34838036
UCBG-Micpla500577-B01-3_20200217_0129_01_01_01__stitch_crop_HLD,91,0.01055272,732.2800106,14,0.923076923,0.846153846,0.999999131,0.999995594,2,732.2800106,195.7885346,70.6324699,16.79405613,0.971322269,-82.36404242,0.240055981,4.205801704,52.34766717,1024.210662,12.0580225,976.0418727,0.952969842,1,1.348337518
UCBG-Micpla500577-B01-3_20200217_0129_01_01_01__stitch_crop_HLD,92,0.011233333,732.2805557,15,0.928571429,0.857142857,0.999999256,0.999998386,2,732.2805557,195.7885346,70.63248173,16.79405759,0.971322274,-82.36402804,0.24005616,4.205802044,52.3476282,1024.081644,12.0580101,975.9426065,0.952992969,1,1.34816767
UCBG-Micpla500577-B01-3_20200217_0129_01_01_01__stitch_crop_HLD,93,0.0115059,732.2813734,16,0.933333333,0.866666667,0.999998883,0.999998137,2,732.2813734,195.7885346,70.63265212,16.79405276,0.971322431,-82.36405393,0.240056428,4.2058134,52.34756974,1023.940781,12.05799484,975.9370229,0.953118619,1,1.347982229
UCBG-Micpla500577-B01-3_20200217_0129_01_01_01__stitch_crop_HLD,94,0.0115059,732.2847805,17,0.9375,0.875,0.999995347,0.999994224,2,732.2847805,195.7885346,70.63272581,16.79406269,0.971322457,-82.36396338,0.240057545,4.205815299,52.34732619,1023.940781,12.05799484,975.9370229,0.953118619,1,1.347982229
UCBG-Micpla500577-B01-3_20200217_0129_01_01_01__stitch_crop_HLD,95,0.012537159,732.3025881,18,0.941176471,0.882352941,0.999975682,0.999970997,2,732.3025881,195.7885346,70.63518573,16.79391423,0.971324998,-82.36432391,0.240063383,4.205998957,52.34605324,1023.584916,12.05795479,975.7299167,0.953247651,1,1.347513745
UCBG-Micpla500577-B01-3_20200217_0129_01_01_01__stitch_crop_HLD,96,0.0129018,732.3035875,19,0.944444444,0.888888889,0.999998635,0.999974316,2,732.3035875,195.7885346,70.63516952,16.79390559,0.971325015,-82.36431596,0.24006371,4.206000156,52.3459818,1023.559112,12.05795097,975.7433967,0.953284852,1,1.347479775
UCBG-Micpla500577-B01-3_20200217_0129_01_01_01__stitch_crop_HLD,97,0.013094533,732.3084937,20,0.947368421,0.894736842,0.9999933,0.999991926,2,732.3084937,195.7885346,70.63493974,16.7938599,0.971324984,-82.36430883,0.240065319,4.205997917,52.34563111,1023.526569,12.05794621,975.8029003,0.953373298,1,1.347436933
UCBG-Micpla500577-B01-3_20200217_0129_01_01_01__stitch_crop_HLD,98,0.01436544,732.3094022,21,0.95,0.9,0.999998759,0.999992058,2,732.3094022,195.7885346,70.63489875,16.79385618,0.971324963,-82.36431248,0.240065617,4.205996407,52.34556616,1023.282971,12.05791187,975.5918459,0.953394001,1,1.347116245
UCBG-Micpla500577-B01-3_20200217_0129_01_01_01__stitch_crop_HLD,99,0.015071099,732.3104016,22,0.952380952,0.904761905,0.999998635,0.999997393,2,732.3104016,195.7885346,70.63488922,16.79384929,0.971324979,-82.36430133,0.240065944,4.205997564,52.34549472,1023.236947,12.05790043,975.5458223,0.953391905,1,1.347055656
UCBG-Micpla500577-B01-3_20200217_0129_01_01_01__stitch_crop_HLD,100,0.0162718,732.3111285,23,0.954545455,0.909090909,0.999999007,0.999997641,2,732.3111285,195.7885346,70.63485471,16.7938475,0.971324957,-82.36429974,0.240066182,4.205995958,52.34544277,1022.998454,12.05785847,975.3847397,0.95345671,1,1.346741688
UCBG-Micpla500577-B01-3_20200217_0129_01_01_01__stitch_crop_HLD,101,0.017061438,732.3170795,24,0.956521739,0.913043478,0.999991874,0.99999087,2,732.3170795,195.7885346,70.63457238,16.79383232,0.971324777,-82.36428655,0.240068133,4.205982948,52.3450174,1022.936158,12.05784321,975.4458787,0.953574542,1,1.346659678
UCBG-Micpla500577-B01-3_20200217_0129_01_01_01__stitch_crop_HLD,102,0.017396875,732.3191692,25,0.958333333,0.916666667,0.999997146,0.999989016,2,732.3191692,195.7885346,70.6344902,16.79381741,0.971324761,-82.36427567,0.240068818,4.20598179,52.34486803,1022.907563,12.05783653,975.4660987,0.953620966,1,1.346622034
UCBG-Micpla500577-B01-3_20200217_0129_01_01_01__stitch_crop_HLD,103,0.017587867,732.3240753,26,0.96,0.92,0.9999933,0.999990438,2,732.3240753,195.7885346,70.63551082,16.79378867,0.971325701,-82.36443161,0.240070427,4.206049762,52.34451735,1022.744845,12.05779743,975.3942715,0.953702457,1,1.346407821
UCBG-Micpla500577-B01-3_20200217_0129_01_01_01__stitch_crop_HLD,104,0.017645549,732.3248476,27,0.961538462,0.923076923,0.999998945,0.999992245,2,732.3248476,195.7885346,70.63547414,16.79378685,0.971325678,-82.36442994,0.24007068,4.206048034,52.34446215,1022.605618,12.05776405,975.2808479,0.953721387,1,1.346224534
UCBG-Micpla500577-B01-3_20200217_0129_01_01_01__stitch_crop_HLD,105,0.021280734,732.3276641,28,0.962962963,0.925925926,0.999996154,0.999995094,2,732.3276641,195.7885346,70.63534045,16.7937804,0.97132559,-82.36442371,0.240071603,4.206041688,52.34426083,1021.824852,12.05754185,974.5477411,0.953732667,1,1.345196683
UCBG-Micpla500577-B01-3_20200217_0129_01_01_01__stitch_crop_HLD,106,0.021948099,732.3304806,29,0.964285714,0.928571429,0.999996154,0.999992303,2,732.3304806,195.7885346,70.63524398,16.79384286,0.971325294,-82.3643725,0.240072526,4.206020299,52.34405952,1021.574035,12.05744743,974.3417914,0.953765227,1,1.344866491
UCBG-Micpla500577-B01-3_20200217_0129_01_01_01__stitch_crop_HLD,107,0.021964349,732.3863566,30,0.965517241,0.931034483,0.999923701,0.999919757,2,732.3863566,195.7885346,70.64709169,16.79384862,0.971335033,-82.36694241,0.240090844,4.206724335,52.34006603,1021.253704,12.05732822,974.3417914,0.95406439,1,1.344444786
UCBG-Micpla500577-B01-3_20200217_0129_01_01_01__stitch_crop_HLD,108,0.024357507,732.3887642,31,0.966666667,0.933333333,0.999996713,0.99992041,2,732.3887642,195.7885346,70.64698925,16.79384381,0.971334965,-82.3669572,0.240091633,4.206719442,52.33989397,1020.068175,12.05680656,973.3375654,0.954188739,1,1.342884079
UCBG-Micpla500577-B01-3_20200217_0129_01_01_01__stitch_crop_HLD,109,0.024357507,732.4198821,32,0.967741935,0.935483871,0.999957512,0.999954168,2,732.4198821,195.7885346,70.64856147,16.79353156,0.971337341,-82.3672669,0.240101834,4.206891279,52.33767024,1020.068175,12.05680656,973.3375654,0.954188739,1,1.342884079
UCBG-Micpla500577-B01-3_20200217_0129_01_01_01__stitch_crop_HLD,110,0.029516827,733.5740157,33,0.96875,0.9375,0.998424219,0.998382129,2,733.5740157,195.7885346,70.60852799,16.78728275,0.971326016,-82.37596669,0.240480182,4.20607248,52.25532726,1016.470356,12.05455112,972.056801,0.956306099,1,1.338147676
UCBG-Micpla500577-B01-3_20200217_0129_01_01_01__stitch_crop_HLD,111,0.032290738,0.171398335,2,0,0,0.948439242,0,2,0.171398335,2.15210896,1.008806075,0.227758582,0.974180534,70.26859321,0.465037474,4.429277996,27.02227522,1016.032174,12.05421066,971.7499496,0.956416514,0,1.337570825
UCBG-Micpla500577-B01-3_20200217_0129_01_01_01__stitch_crop_HLD,112,0.033658233,733.5862358,35,0.939393939,0.911764706,0.999983342,0.997191301,3,733.5862358,195.7885346,70.60796529,16.78723901,0.971325704,-82.37592526,0.240484188,4.20604992,52.2544568,1013.537682,12.05205631,969.4332915,0.956484706,1,1.334286913
UCBG-Micpla500577-B01-3_20200217_0129_01_01_01__stitch_crop_HLD,113,0.033812284,733.6137195,36,0.971428571,0.912554113,0.999962535,0.999945828,3,733.6137195,195.7885346,70.60869192,16.78692614,0.971327387,-82.37597228,0.240493198,4.206171597,52.25249917,1013.48097,12.05200481,969.5353495,0.956638928,1,1.334212254
UCBG-Micpla500577-B01-3_20200217_0129_01_01_01__stitch_crop_HLD,114,0.034529611,733.6370238,37,0.972222222,0.944444444,0.999968233,0.999930727,3,733.6370238,195.7885346,70.61006905,16.78667593,0.971329389,-82.37614197,0.240500837,4.206316327,52.25083934,1013.141575,12.05169106,969.3475053,0.956773988,1,1.333765452
UCBG-Micpla500577-B01-3_20200217_0129_01_01_01__stitch_crop_HLD,115,0.035433933,2.338521993,2,0,0,0.933606778,0,2,2.338521993,7.24662558,3.024626627,1.065489909,0.935897834,-64.16904319,0.55960254,2.838719166,22.45588558,1009.784282,12.04601765,966.6854718,0.957318795,0,1.329345693
UCBG-Micpla500577-B01-3_20200217_0129_01_01_01__stitch_crop_HLD,116,0.035715085,733.6417483,38,0.972972973,0.945945946,0.99999356,0.999961785,3,733.6417483,195.7885346,70.60994506,16.78665818,0.971329349,-82.37609059,0.240502386,4.206313389,52.25050286,1009.485806,12.04571915,966.4425512,0.957361209,1,1.32895276
UCBG-Micpla500577-B01-3_20200217_0129_01_01_01__stitch_crop_HLD,117,0.03579808,733.6665063,39,0.973684211,0.947368421,0.999966253,0.999959769,3,733.6665063,195.7885346,70.61490188,16.78657806,0.971333711,-82.37702774,0.240510502,4.206628749,52.24873963,1009.346099,12.045578,966.444864,0.957496011,1,1.328768841
UCBG-Micpla500577-B01-3_20200217_0129_01_01_01__stitch_crop_HLD,118,0.036768954,0.006269009,2,0,0,0.357142857,0,2,0.006269009,0.28043792,0.105144966,0.078429501,0.666038015,-46.40780024,1.001694453,1.340630297,12.54511351,1009.172214,12.04539871,966.329326,0.957546504,0,1.328539927
UCBG-Micpla500577-B01-3_20200217_0129_01_01_01__stitch_crop_HLD,119,0.039852846,733.6695046,40,0.974358974,0.948717949,0.999995913,0.999962161,3,733.6695046,195.7885346,70.61480127,16.78657774,0.971333629,-82.37699544,0.240511485,4.206622837,52.24852611,1005.445411,12.040905,962.68783,0.957473991,1,1.323633721
UCBG-Micpla500577-B01-3_20200217_0129_01_01_01__stitch_crop_HLD,120,0.040131107,733.7509562,41,0.975,0.95,0.99988898,0.999884755,3,733.7509562,195.7885346,70.63052149,16.7859511,0.971348747,-82.37904694,0.240538187,4.207716386,52.24272614,1005.246201,12.04065323,962.9407614,0.957915345,1,1.323371468
UCBG-Micpla500577-B01-3_20200217_0129_01_01_01__stitch_crop_HLD,121,0.040198121,735.8967289,42,0.975609756,0.951219512,0.997075612,0.996969476,3,735.8967289,195.7885346,71.05425374,16.77490999,0.971732181,-82.44883473,0.241241614,4.235745752,52.09039361,1005.15531,12.04053783,964.0668685,0.959122295,1,1.323251813
UCBG-Micpla500577-B01-3_20200217_0129_01_01_01__stitch_crop_HLD,122,0.04197501,735.9039519,44,0.952380952,0.930232558,0.999990185,0.995758779,3,735.9039519,195.7885346,71.05418569,16.7748625,0.971732288,-82.44875268,0.241243982,4.235753686,52.08988233,1002.601993,12.03036785,961.5135508,0.959018192,1,1.319890461
UCBG-Micpla500577-B01-3_20200217_0129_01_01_01__stitch_crop_HLD,123,0.046197485,1.487390479,2,0,0,0.780422394,0,2,1.487390479,5.32386534,1.965252947,1.045216908,0.846839496,55.95096375,0.659448276,1.880234554,19.05588516,989.0721489,12.00643349,948.9707031,0.95945549,0,1.302078894
UCBG-Micpla500577-B01-3_20200217_0129_01_01_01__stitch_crop_HLD,124,0.046282977,2.295956332,3,0.5,0,0.456386293,0.293505603,2,2.295956332,6.09866878,1.982160847,1.548999086,0.623942913,77.01832351,0.77571715,1.279639779,16.19968132,980.2304511,11.98750877,941.5742052,0.960564125,0,1.290439108
UCBG-Micpla500577-B01-3_20200217_0129_01_01_01__stitch_crop_HLD,125,0.04663818,736.1090575,45,0.977272727,0.930735931,0.999721288,0.999711174,3,736.1090575,195.7885346,71.04613009,16.77934478,0.971710452,-82.44580967,0.241311219,4.234142097,52.07536828,975.6488242,11.97968292,938.5013463,0.96192536,1,1.284407557
UCBG-Micpla500577-B01-3_20200217_0129_01_01_01__stitch_crop_HLD,126,0.047032058,3.600273583,4,0.666666667,0.333333333,0.431906769,0.227459414,2,3.600273583,7.67832258,2.532562683,1.906326739,0.6583335,-58.81497718,0.76738386,1.328503992,16.37559932,966.1338038,11.96324348,930.680988,0.963304445,0,1.271881365
UCBG-Micpla500577-B01-3_20200217_0129_01_01_01__stitch_crop_HLD,127,0.048193775,736.2572878,46,0.977777778,0.955555556,0.99979863,0.99951974,3,736.2572878,195.7885346,71.07438369,16.77874706,0.971735309,-82.4509675,0.241359812,4.235976824,52.06488398,931.1602594,11.89648056,896.1060617,0.962354281,1,1.225839917
UCBG-Micpla500577-B01-3_20200217_0129_01_01_01__stitch_crop_HLD,128,0.048530038,737.0223794,47,0.97826087,0.956521739,0.998960837,0.998759344,3,737.0223794,195.7885346,71.05051222,16.77683871,0.971722564,-82.44317963,0.241610624,4.235035781,52.01083622,922.7810764,11.88045692,889.2861795,0.963702228,1,1.214809016
UCBG-Micpla500577-B01-3_20200217_0129_01_01_01__stitch_crop_HLD,129,0.049208056,3.30145083,3,0.5,0,0.817350409,0.776522773,2,3.30145083,12.3898724,4.693745065,1.02966516,0.97564182,66.13171621,0.270259538,4.55851596,46.49741765,918.8664771,11.87302494,886.4620714,0.964734369,0,1.209655583
UCBG-Micpla500577-B01-3_20200217_0129_01_01_01__stitch_crop_HLD,130,0.050323509,737.1937778,49,0.957446809,0.9375,0.999767445,0.997660773,3,737.1937778,195.7885346,71.08506109,16.7765082,0.971751573,-82.45008624,0.241666812,4.237178573,51.99874364,895.1717669,11.82699108,863.4419224,0.964554462,1,1.178462325
UCBG-Micpla500577-B01-3_20200217_0129_01_01_01__stitch_crop_HLD,131,0.05132788,7.65891165,5,0.75,0.5,0.112935541,0.168657555,2,7.65891165,14.72218874,6.423177666,1.774724329,0.961071423,-71.56680365,0.444050293,3.619253741,28.29943094,865.822928,11.73888206,836.4115273,0.966030698,0,1.139825605
UCBG-Micpla500577-B01-3_20200217_0129_01_01_01__stitch_crop_HLD,132,0.051603891,9.997433642,7,0.6,0.5,0.69466654,0.222472437,3,9.997433642,15.77658086,6.128762664,2.257439727,0.929693012,-76.60467026,0.50474569,2.71491752,24.89643968,855.863232,11.7181015,829.621876,0.969339311,0,1.126714014
UCBG-Micpla500577-B01-3_20200217_0129_01_01_01__stitch_crop_HLD,133,0.053302679,737.2628277,50,0.979591837,0.937907078,0.999906334,0.999673682,3,737.2628277,195.7885346,71.08389367,16.77648248,0.97175072,-82.45114893,0.241689448,4.237115484,51.99387359,785.1938749,11.56507778,759.4118791,0.967164803,1,1.033680277
UCBG-Micpla500577-B01-3_20200217_0129_01_01_01__stitch_crop_HLD,134,0.053764373,737.2690967,52,0.96,0.941176471,0.999991497,0.99941579,3,737.2690967,195.7885346,71.08362386,16.77645804,0.971750585,-82.45111661,0.241691503,4.237105573,51.99343148,778.2153393,11.54931831,752.5416624,0.967009547,1,1.024493279
UCBG-Micpla500577-B01-3_20200217_0129_01_01_01__stitch_crop_HLD,135,0.053929083,10.03150434,8,0.857142857,0.514285714,0.996592055,0.692045961,3,10.03150434,15.6275325,6.119252694,2.256898919,0.929501088,-76.58239802,0.516172791,2.711354346,24.345279,764.9502232,11.51917076,739.5508542,0.96679605,0,1.007030217
UCBG-Micpla500577-B01-3_20200217_0129_01_01_01__stitch_crop_HLD,136,0.054892819,737.9476034,53,0.980769231,0.941538462,0.999079703,0.999070806,3,737.9476034,195.7885346,71.07046301,16.77447375,0.971746752,-82.45987521,0.241913931,4.236822215,51.94562607,730.9899576,11.43419075,706.8317547,0.966951389,1,0.962322715
UCBG-Micpla500577-B01-3_20200217_0129_01_01_01__stitch_crop_HLD,137,0.056079768,737.9645933,54,0.981132075,0.962264151,0.999976977,0.99905667,3,737.9645933,195.7885346,71.07033909,16.7742811,0.97174731,-82.45986103,0.241919501,4.236863486,51.94443014,675.8049905,11.30017948,651.763482,0.964425376,1,0.889673636
UCBG-Micpla500577-B01-3_20200217_0129_01_01_01__stitch_crop_HLD,138,0.056418877,0.770452096,2,0,0,0.157523085,0,2,0.770452096,3.82610928,1.424075936,0.758522623,0.846340666,-78.90284756,0.661364325,1.877433701,19.00067804,659.1949865,11.23771954,635.8085788,0.964522777,0,0.867807146
UCBG-Micpla500577-B01-3_20200217_0129_01_01_01__stitch_crop_HLD,139,0.057846043,738.9156655,55,0.981481481,0.962962963,0.998711222,0.998688143,3,738.9156655,195.7885346,71.04651878,16.76476348,0.971760626,-82.4555814,0.242231281,4.237847964,51.87757149,626.4310057,11.15293884,604.3099323,0.964687135,1,0.824674512
UCBG-Micpla500577-B01-3_20200217_0129_01_01_01__stitch_crop_HLD,140,0.058520213,4.044101235,4,0.666666667,0.333333333,0.77505332,0.617946524,2,4.044101235,12.1735184,5.553764817,0.977586099,0.984386191,64.30530277,0.342925397,5.681100441,36.64461932,611.2569846,11.1126442,590.4145611,0.965902355,0,0.804698443
UCBG-Micpla500577-B01-3_20200217_0129_01_01_01__stitch_crop_HLD,141,0.061419211,748.9471699,63,0.854545455,0.951612903,0.98642402,0.997350364,4,748.9471699,195.7885346,70.72101956,16.69969596,0.9717203,-82.38654161,0.245519808,4.234868691,51.18271596,527.0692256,10.86800575,508.9485858,0.96562,1,0.693868203
UCBG-Micpla500577-B01-3_20200217_0129_01_01_01__stitch_crop_HLD,142,0.061996989,749.717622,65,0.968253968,0.827840909,0.998971286,0.985360666,4,749.717622,195.7885346,70.7033951,16.69329402,0.971727999,-82.38123392,0.245772378,4.235436996,51.13011772,498.3648275,10.7762146,480.9334675,0.965022893,1,0.656079867
UCBG-Micpla500577-B01-3_20200217_0129_01_01_01__stitch_crop_HLD,143,0.062405277,753.7617232,69,0.938461538,0.940709617,0.994605834,0.996738707,4,753.7617232,195.7885346,70.60546763,16.6613422,0.97175838,-82.40893218,0.247098115,4.237681863,50.85579313,492.206225,10.7566576,478.7177791,0.972595946,1,0.647972282
UCBG-Micpla500577-B01-3_20200217_0129_01_01_01__stitch_crop_HLD,144,0.063149691,753.9660565,70,0.985507246,0.924860647,0.999728915,0.994335927,4,753.9660565,195.7885346,70.6216918,16.65936694,0.971778333,-82.41117641,0.247165099,4.239158188,50.84201064,461.9100845,10.64685249,449.7124138,0.973592976,1,0.608088472
UCBG-Micpla500577-B01-3_20200217_0129_01_01_01__stitch_crop_HLD,145,0.063639402,753.998719,71,0.985714286,0.971428571,0.999956679,0.99968555,4,753.998719,195.7885346,70.62113916,16.65931063,0.971778078,-82.41163155,0.247175807,4.239139346,50.83980821,455.4706666,10.62547112,443.5810037,0.973895876,1,0.599611204
UCBG-Micpla500577-B01-3_20200217_0129_01_01_01__stitch_crop_HLD,146,0.065813184,756.0731703,72,0.985915493,0.971830986,0.997248734,0.997209447,4,756.0731703,195.7885346,70.64512102,16.64719675,0.971839108,-82.38287875,0.247855853,4.243664688,50.70031813,410.161307,10.47480583,403.5021928,0.983764646,1,0.539963017
UCBG-Micpla500577-B01-3_20200217_0129_01_01_01__stitch_crop_HLD,147,0.06671264,758.9001299,73,0.986111111,0.972222222,0.996260997,0.993529006,4,758.9001299,195.7885346,70.56449071,16.61731835,0.971876475,-82.3871281,0.248782587,4.246442731,50.51145567,402.6293798,10.44872189,401.3509283,0.996824743,1,0.530047498
UCBG-Micpla500577-B01-3_20200217_0129_01_01_01__stitch_crop_HLD,148,0.069196835,759.3733038,74,0.98630137,0.97260274,0.9993765,0.995639398,4,759.3733038,195.7885346,70.55133365,16.61281093,0.971881314,-82.38511236,0.248937703,4.246802902,50.47998142,358.6412644,10.24874401,357.9872038,0.998176282,1,0.472138682
UCBG-Micpla500577-B01-3_20200217_0129_01_01_01__stitch_crop_HLD,149,0.09136638,759.5470189,75,0.986486486,0.972972973,0.999771239,0.999147633,4,759.5470189,195.7885346,70.54737753,16.61096576,0.971884452,-82.3847209,0.24899465,4.247036479,50.4684362,157.6408392,9.09720993,157.6408392,1,1,0.207528652
