...1,spp_code,spp_name_WP,family_WP,order_apg4,clade,VD_minor,VD_medium,VD_major,MST_minor,MST_medium,MST_major,ER_minor,ER_medium,ER_major,LMA,SWP_M,SWP_L,SWS_M,SWS_L,e_W,e_L,Dkleaf_M,Dkleaf_L,Dkleaf_mean,Phe,Kleaf_max,P50,P88,ISI,clade2
1,Abe_mex,Abelia mexicana,Caprifoliaceae,Dipsacales,asterids,5.584796468,3.332213477,0.306659766,0.740251642,0.825799565,0.993086487,0.663057126,0.746168161,0.0663975000000001,42.34,140.17,70.35,279.24,9796.62,3.23,NA,-98.56,-93.56,-96.06,4.12,5,0.35,1.08,0.45,6
2,Aex_pun,Aextoxicon punctatum,Aextoxicaceae,Berberidopsidales,rosids,4.4392913235,0.17455499,0.081866426,0.6504780505,0.987610655,0.9957963435,0.7319682505,1.8837504,1.292654806,202.22,37.49,29.6,399.92,1195.09,6.3,100.15,-80.3,-65.09,-72.695,6.21,2.49,0.5,1.53,0.38,5
3,Ale_cor,Alectryon coriaceus,Sapindaceae,Sapindales,rosids,5.721777032,0.3958866495,0.100950953,0.705505577,0.9836787415,0.997716772,0.664161833,3.0152352645,3.014682766,148.11,837.99,108.49,1793.69,6891.41,6.03,13.57,-80.23,-83.97,-82.1,6.18,0.65,0.6,2.46,0.32,5
4,Als_lig,Alstroemeria ligtu,Alstroemeriaceae,Liliales,monocots,2.598856566,2.5711461,0.9683070375,0.542979745,0.540283249,0.903929464,28.250072375,24.51496875,10.05885649,46.94,93.9,83.56,67.77,340.52,64.26,NA,-98.96,-98.5,-98.73,1.8,33.78,NA,NA,0.19,3
5,Ane_cal,Anemopsis californica,Saururaceae,Piperales,basal angiosperms,4.505883753,0.311225764,0.050234538,0.759563437,0.941906253,0.884711024,0.730513036,1.399053621,0.304042754,93.44,157.41,81.95,1410.28,9720.78,0.21,10.65,-58.92,-56.47,-57.695,6.41,15.64,0.21,1.28,0.29,2
6,Arg_spi,Argania spinosa,Sapotaceae,Ericales,asterids,5.385542934,0,0.1388292425,0.678858521,0,0.9277673475,1.495361555,0,4.944946903,110.34,132.61,62.69,226.86,3250.95,5.34,NA,-54.72,-13.44,-34.08,4.86,27.43,NA,NA,0.66,6
7,Ari_bae,Aristolochia baetica,Aristolochiaceae,Piperales,basal angiosperms,5.5278824695,0.7236437325,0.10867907,0.741267172,0.975745082,0.991644375,0.6075612645,1.643883279,0.146529027,74.16,255.49,182.43,736.49,7176.13,3.36,NA,68.81,-52.18,8.315,3.14,1.06,NA,NA,0.38,2
8,Asi_tri,Asimina triloba,Annonaceae,Magnoliales,basal angiosperms,3.060206324,0.235110555,0.115827731,0.734675215,0.97917053,0.994154438,0.604479233,1.39986272,1.496562373,38.14,173.39,82.34,704.1,2889.36,7.49,NA,-90.18,-95.84,-93.01,1,1.71,NA,NA,0.3,2
9,Asp_obl,Asplenium oblongifolium,Aspleniaceae,Polypodiales,ferns,0.7376466735,0.642755968,0.056617954,0.998117672,0.998863408,0.995886431,3.3473131185,3.347353877,3.3474512175,111.38,172.89,96.02,753.83,6613.71,1.9,19.6,-91.01,-60.23,-75.62,0.81,0.59,NA,NA,0.32,1
10,Ast_ban,Astelia banksii,Asteliaceae,Asparagales,monocots,2.172157662,0,0,0.508870251,1,0,25.04858341,85.493760625,5.244489559,267.6,291.58,201.42,7046.25,6966.23,1.16,1.07,-96.7,-99.03,-97.865,0.41,0.8,0.41,1.05,0.16,3
11,Bar_pur,Barbacenia purpurea,Velloziaceae,Pandanales,monocots,0,5.393390621,0.492245431,0,0.622281749,1,0,37.97672124,15.26337407,173.8,NA,425.33,7774.52,7458.79,527.49,783.02,-85.98,-94.62,-90.3,3.6,5.12,NA,NA,0.27,3
12,Beg_for,Begonia formosa,Begoniaceae,Cucurbitales,rosids,2.396299117,0.078182446,0.022273222,0.716028442,0.969768734,0.975948942,0.778416196,0.275855761,0.276867089,32.76,344.31,52.77,502.5,1980.69,0.33,NA,-94.1,-95.28,-94.69,4.42,4.73,NA,NA,0.25,5
13,Bei_tar,Beilschmiedia tarairi,Lauraceae,Laurales,basal angiosperms,5.370629029,1.204705263,0.141976082,0.676615125,0.94446354,0.990407635,0.5705246095,0.739830578,1.657290337,149.37,198.65,153.18,2107.18,5479.78,2.67,9.32,-96.23,-97.61,-96.92,5.31,3.56,NA,NA,0.31,2
14,Bux_har,Buxus harlandii,Buxaceae,Buxales,basal eudicots,6.785980509,4.937971326,1.551110824,0.539469073,0.694689928,0.967950126,2.774865878,4.138205871,2.1397904,177.74,NA,336.58,2102.02,5637.53,6.95,NA,18.1,-9.66,4.22,1.29,6.4,1.28,3.91,0.65,4
15,Cal_nut,Deyeuxia nutkaensis,Poaceae,Poales,monocots,7.67627e-4,0,0,1,1,0,59.36545006,15.689440165,1.627466191,112.58,134.45,114.29,2395.21,6975.67,213.83,683.15,-87.55,-95.09,-91.32,1.17,3.23,NA,NA,0.24,3
16,Cal_pan,Ackama paniculosa,Cunoniaceae,Oxalidales,rosids,2.379536398,0.9226235,0.210584919,0.697954299,0.898105494,0.998193785,0.63842025,0.902974673,2.448723394,159.9,404.43,80.23,1444.21,9783.98,1.63,60.36,-91.62,-97.42,-94.52,3.5,2.73,0.53,1.62,0.37,5
17,Cam_sin,Camellia sinensis,Theaceae,Ericales,asterids,4.362301099,0.997310536,0.2437336655,0.755072543,0.901362895,0.980555761,0.717778052,0.941244434,1.2381867635,88.83,94.42,141.34,2397.97,7295.4,6.17,48.02,-86.96,-88.98,-87.97,3.27,1.91,2.62,4.73,0.44,6
18,Can_can,Canarina canariensis,Campanulaceae,Asterales,asterids,3.4408903845,0.107567606,0.010221663,0.739467378,1,1,1.044794291,0.932301054,0.936816259,25.07,89.5,103.99,203.67,5301.48,15.87,NA,-78.99,-82.62,-80.805,3.97,1.09,NA,NA,0.26,6
19,Car_pal,Carya palmeri,Juglandaceae,Fagales,rosids,3.778805868,1.03152084,0.3231924005,0.648960126,0.8642842685,0.965860198,0.552157631,1.54812137,0.574393308,59.88,50.73,35.6,176.25,1615.71,NA,NA,-68.97,-87.35,-78.16,4.22,1.99,NA,NA,0.54,5
20,Car_pen,Carex agastachys,Cyperaceae,Poales,monocots,5.168141685,3.945441876,0.088613029,0.41002343,0.6597625195,1,20.67414698,18.213296005,1.917891581,124.74,387.81,795.82,1264.17,13545.2,399.7,525.01,-72.17,-96.66,-84.415,0.98,0.17,NA,NA,0.33,3
21,Cat_edu,Catha edulis,Celastraceae,Celastrales,rosids,3.863424712,0.779631256,0.067367526,0.679659516,0.972652302,1,0.903152194,3.581272698,2.088321636,130.98,NA,61.26,4436.9,5078.43,11.62,NA,-65.58,47.05,-9.265,6.93,4.21,NA,NA,0.47,5
22,Cel_aus,Celtis australis,Cannabaceae,Rosales,rosids,0.088005902,0.0471024605,0.0088254455,0.653468603,0.803359077,0.9859614375,0.585588814,0.645108256,3.09911509,57.8,273.53,188.28,1181.49,13405.02,3.33,NA,-84.16,-43.6,-63.88,0.81,3.67,NA,NA,0.37,5
23,Cel_ten,Celtis tenuifolia,Cannabaceae,Rosales,rosids,3.3311016575,0.682295919,0.159196746,0.6900502135,0.961188504,0.999657753,0.600159543,1.333931556,0.710318019,54.91,258.13,27.97,419.46,3706.13,1.87,NA,-54.21,10.97,-21.62,1.52,0.52,NA,NA,0.38,5
24,Chi_nit,Chimonanthus nitens,Calycanthaceae,Laurales,basal angiosperms,2.005548614,0.223700642,0.068241093,0.725386569,0.9889324365,0.998224943,0.5737060485,2.8492746675,1.72334244,57.23,205.09,59.49,2157.35,14912.49,11.47,46.27,-76.97,-69.35,-73.16,2.47,3.13,0.37,1.35,0.35,2
25,Chl_spi,Chloranthus spicatus,Chloranthaceae,Chloranthales,basal angiosperms,2.826741337,0.118129441,0.063564413,0.811610561,0.989999895,0.994591769,0.842814677,2.471531835,0.975752333,42.03,204.68,180.25,695.86,5481.03,1.76,33.89,-61.87,1.04,-30.415,1.93,0.82,NA,NA,0.38,2
26,Cis_ant,Cissus antarctica,Vitaceae,Vitales,rosids,6.187800644,0.589410194,0.092632758,0.675903846,0.976237837,0.993736029,0.679371958,1.179830975,0.7742546875,87.08,125.1,153.1,719.63,6570.09,1.97,7.21,-58.35,-72.28,-65.315,3.79,0.33,NA,NA,0.36,5
27,Cis_pop,Cistus populifolius,Cistaceae,Malvales,rosids,7.999399303,1.257282475,0.187668922,0.707967334,0.9445628845,0.9931996245,0.633235026,0.9705182775,1.031385254,98.63,100.7,88.45,604.2,3883,2.15,NA,235.79,88.1,161.945,7.29,0.44,NA,NA,0.41,5
28,Cit_mon,Citharexylum montevidense,Verbenaceae,Lamiales,asterids,5.5340972755,0.327343237,0.050225733,0.6836806895,0.988132573,0.9928046625,0.6685184625,2.836950052,2.707220789,176.02,856.42,272.37,3478.44,25410.3,52.97,64.7,100.51,-84.15,8.18,4.8,2.58,NA,NA,0.35,6
29,Clu_ala,Clusia alata,Clusiaceae,Malpighiales,rosids,2.73829222,1.843915251,0.182257492,0.794727612,0.861540447,1,0.649079698,1.0959612035,1.959861997,181.47,136.84,94.31,2537.08,6656.66,6.68,16.92,-94.61,-94.42,-94.515,3.4,15.69,NA,NA,0.23,5
30,Cne_tri,Cneorum tricoccon,Rutaceae,Sapindales,rosids,6.908238904,0.234111251,0.129561479,0.6814404205,1,1,0.839533522,4.5202356035,4.460531388,156.15,162.82,51.39,5539.32,2005.3,13.88,NA,-24.94,-53.79,-39.365,4.57,25.15,NA,NA,0.58,5
31,Com_ery,Combretum erythrophyllum,Combretaceae,Myrtales,rosids,2.607179286,0.795290667,0.136261647,0.714980042,0.9420828355,0.989043883,0.824069837,1.528189219,1.738512438,46.86,729.01,110.98,1796.08,7112.13,1.88,NA,-96.16,-96.04,-96.1,4.92,5.99,0.49,1.51,0.44,5
32,Com_umb,Comandra umbellata,Comandraceae,Santalales,rosids,6.052394198,0.3766471115,0.085067421,0.739616425,0.942549252,1,1.103402325,1.3774199525,1.4648625215,148.07,12.75,7.57,47.89,249.96,NA,NA,-20.38,-33.94,-27.16,6.64,25.45,NA,NA,0.5,5
33,Cor_bud,Corokia buddleioides,Argophyllaceae,Asterales,asterids,4.916005382,0.130254863,0.032060574,0.6998194595,1,1,0.9333498335,3.913112983,3.91670318,137.81,235.3,98.61,494.29,2739.28,13.55,NA,-16.86,292.2,137.67,5.87,2.11,NA,NA,0.39,6
34,Cor_lae,Corynocarpus laevigata,Corynocarpaceae,Cucurbitales,rosids,4.3518049215,0.367220206,0.052444709,0.6725395225,0.973498914,0.987704334,0.9254183735,1.389030717,1.394976245,99.85,635.89,136.09,1258.42,6161.07,3.95,13.73,-67.57,-79.64,-73.605,1.09,2.07,0.51,1.88,0.3,5
35,Cos_tap,Costus tappenbeckianus,Costaceae,Zingiberales,monocots,2.998419758,0.050571468,0,0.614867847,0.995191677,0,1.42850329,1.046091197,1.0472182835,55.84,107.82,88.62,889.25,4118.85,2.9,5.2,-77.93,-83.75,-80.84,1.44,0.89,NA,NA,0.22,3
36,Cri_pat,Crinodendron patagua,Elaeocarpaceae,Oxalidales,rosids,4.080530491,2.5777298135,0.39394018,0.694459966,0.7851929145,0.989092463,0.70556293,1.054318263,2.121384603,128.81,617.76,45.79,438.41,3048.4,14.41,NA,-94.05,-88.04,-91.045,5.77,12.4,NA,NA,0.32,5
37,Cup_nud,Cuphea nudicostata,Lythraceae,Myrtales,rosids,7.59056636,3.862831043,0.267452599,0.595295053,0.763807728,0.99185275,0.791797061,0.984599476,2.616707779,39.69,19.35,9.62,85.45,727.39,2.64,NA,-20.34,-73.02,-46.68,5.76,3.34,NA,NA,0.48,5
38,Cus_spi,Cussonia spicata,Araliaceae,Apiales,asterids,4.2386845875,0.116532604,0.074472193,0.7084271195,0.968493145,1,0.848468987,1.402785071,1.365450185,80.65,303.26,154.5,1444.49,4725.71,3.25,NA,-63.2,-82.84,-73.02,2.47,2.18,1.71,2.39,0.32,6
39,Cya_ful,Cyathea fulva,Cyatheaceae,Cyatheales,ferns,3.080889713,1.686806788,0.696158704,0.6035622485,0.823206795,0.946903424,1.4486175275,3.251084017,3.261355688,37.38,28.53,11.26,103.71,NA,2.57,NA,-98.55,-89.86,-94.205,1.21,0.93,NA,NA,0.31,1
40,Cyc_bip,Cyclanthus bipartitus,Cyclanthaceae,Pandanales,monocots,3.198022593,0.036900416,0.020923688,0.546763175,0.877536735,0.9306811885,1.701485472,3.400911414,3.421620913,57.1,228.95,170.2,622.98,5878.35,2.45,NA,-75.61,-58.14,-66.875,0.43,0.64,NA,NA,0.24,3
41,Dap_him,Daphniphyllum himalayense,Daphniphyllaceae,Saxifragales,basal eudicots,2.911808597,0.167668537,0.058548366,0.810245216,0.9804833325,0.9860068485,0.68044216,4.6402397845,2.100337737,121.62,185.2,138.05,1043.45,6564.48,0.93,7.98,-70.48,-79.31,-74.895,2.08,3.32,0.56,1.7,0.38,4
42,Del_fis,Delphinium fissum,Ranunculaceae,Ranunculales,basal eudicots,6.509017075,0.036170871,0.001802353,0.680523153,1,1,0.8708800735,0.303347842,0.303420098,90.58,99.81,86.03,394.86,5643.93,2.89,NA,-94.84,-95.37,-95.105,2.26,13.69,NA,NA,0.3,4
43,Des_spi,Desfontainia spinosa,Columelliaceae,Bruniales,asterids,2.30592719,1.479681983,0.2369197,0.7847746875,0.845267643,0.9985060165,0.715697185,1.001428506,0.6060263925,151.09,325.29,246.33,1075.82,5558.93,25.7,219.04,-96,-93.52,-94.76,1.31,26.53,0.29,0.98,0.57,6
44,Dic_ant,Dicksonia antarctica,Dicksoniaceae,Cyatheales,ferns,0,2.845142757,1.402993445,0,0.632583512,0.887826096,0,1.560109851,1.566818457,106.06,391.9,143.59,542.53,35020.8,63.3,NA,158.8,-12.7,73.05,2.66,0.19,2.27,6.87,0.25,1
45,Dic_feb,Hydrangea febrifuga,Hydrangeaceae,Cornales,asterids,1.457355241,0.604864726,0.124006038,0.718756303,0.8353776385,1,1.026911949,2.746081688,4.7060287225,61.13,141.4,61.67,566.1,2946.15,0.46,6.21,-53.01,-26.32,-39.665,2.85,1.55,NA,NA,0.36,6
46,Dic_squ,Dicksonia squarrosa,Dicksoniaceae,Cyatheales,ferns,2.198042282,1.542095289,0.7170882635,0.779366785,0.850882449,0.969253372,1.122157934,1.133716564,1.2767102175,123.52,636.78,142.62,556.34,48815.26,69.01,NA,414.25,175.69,294.97,3.92,0.24,NA,NA,0.31,1
47,Dio_lyc,Diospyros lycioides,Ebenaceae,Ericales,asterids,3.6787690635,1.156580175,0.105351569,0.649136751,0.90267757,1,0.717526999,1.472111946,2.314310503,101.78,27.74,46.53,577.58,3306.71,0.62,NA,0,-38.74,-19.37,6.68,32.91,NA,NA,0.34,6
48,Dio_pol,Dioscorea oppositifolia,Dioscoreaceae,Dioscoreales,monocots,3.4515965975,1.5153484905,0.1422823565,0.7451719575,0.885584197,1,0.755784942,1.088556787,0.196574548,46.6,198.13,96.73,142.04,3064.74,24.27,NA,-85.86,-91.06,-88.46,1.27,0.91,NA,NA,0.26,3
49,Dip_esc,Diplazium esculentum,Athyriaceae,Polypodiales,ferns,3.584577349,1.579816743,0.2628325185,0.612397897,0.817920469,1,2.739060413,2.948370605,3.1643293155,43.25,24.16,58.83,499.66,13565.37,16.63,NA,-92.21,-91.7,-91.955,5.06,7.51,0.49,0.96,0.2,1
50,Dir_occ,Dirca occidentalis,Thymelaeaceae,Malvales,rosids,8.469506574,4.375254542,0.3770969605,0.63624385,0.816888818,0.982621828,0.6433176145,0.677893719,0.1752173,42.52,183.48,196.15,643.2,4218.45,4.16,5.66,-52.67,-85.16,-68.915,1.83,6.68,NA,NA,0.48,5
51,Doo_asp,Doodia aspera,Blechnaceae,Polypodiales,ferns,1.844173728,1.2777354165,0.5665104325,0.6062728,0.799001123,0.9894683175,0.9294070925,0.891351429,1.0604962015,119.71,430.26,255.77,498.89,8330.02,115.59,NA,-97.4,-97.1,-97.25,5.12,1.19,2.24,3.33,0.41,1
52,Dry_rem,Dryopteris ramosa,Dryopteridaceae,Polypodiales,ferns,1.990707693,0.79920107,0.036072178,0.917634309,0.9269446335,1,0.675693823,2.450695097,2.050799153,55.93,328.01,152.71,145.63,13797.98,34.61,NA,-82.48,-76.88,-79.68,2.1,2.07,NA,NA,0.31,1
53,Ehr_acu,Ehretia acuminata,Boraginaceae,Boraginales,asterids,4.037764336,0.50619879,0.137118008,0.6692333945,0.9667145055,0.995717929,0.619940259,1.850117395,1.208402934,64.72,57.85,26.84,188.19,1564.21,3,7.71,-96.59,-70.22,-83.405,2.6,10.54,NA,NA,0.36,6
54,Equ_tel,Equisetum telmateia,Equisetaceae,Equisetales,ferns,1.859995285,1.610637851,1.5539422325,0.884831926,1,1,61.90166672,55.15150903,35.148620275,64.92,NA,77.16,NA,NA,14.45,NA,NA,-1.51,NA,2.11,7.3,NA,NA,0.27,1
55,Esc_her,Escallonia herrerae,Escalloniaceae,Escalloniales,asterids,7.094947773,0.209644478,0.100864644,0.698929019,0.974635894,0.993823561,0.650206544,4.295024191,4.29852864,78.44,455.57,73.35,829.84,3249.5,8.91,96.26,-81.54,-67.46,-74.5,4.84,1.62,NA,NA,0.33,6
56,Euc_cri,Euclea crispa,Ebenaceae,Ericales,asterids,5.987125511,4.215043381,1.7697226015,0.595691337,0.702985729,0.925870591,0.9117752475,0.836668157,1.403012364,162.41,NA,118.3,2258.59,6827.64,29.47,39.83,-63.89,-62.41,-63.15,6.96,28.99,NA,NA,0.53,6
57,Eur_jap,Eurya japonica,Pentaphylacaceae,Ericales,asterids,3.857786429,2.1075402580000002,0.7962318515,0.76345149,0.8144077445,0.934211315,0.919642307,1.122875162,1.8745888845,150.95,NA,260.54,601.13,5920.35,2.95,25.51,-76.07,-47.36,-61.715,2.41,2.45,NA,NA,0.42,6
58,Eus_jap,Staphylea japonica,Staphyleaceae,Crossosomatales,rosids,8.005526129,3.467139986,0.1580871065,0.637561536,0.821374488,0.992441929,0.697170033,1.037858213,1.8826586775,76.87,135.84,63.31,499.14,4487.42,0.67,NA,-98.68,-98.73,-98.705,6.4,9.4,NA,NA,0.24,5
59,Fra_son,Francoa appendiculata,Francoaceae,Geraniales,rosids,2.608982556,0.638914948,0.0965189315,0.7642108745,0.913065265,0.9873398925,0.639925703,0.722183627,0.7031161315,71.12,108.72,57.24,129.92,1460.66,90.38,78.85,-75.73,-90.31,-83.02,6.64,1.63,0.66,1,0.24,5
60,Gom_keu,Gomortega keule,Gomortegaceae,Laurales,basal angiosperms,4.415602001,0.682962707,0.182776012,0.688816731,0.959095337,0.998558764,0.758569796,1.275410082,0.786870608,276.2,364,140.59,1715.99,4501.98,4.8,11.99,-74,-38.86,-56.43,6.77,11.79,NA,NA,0.33,2
61,Hel_chi,Helwingia chinensis,Helwingiaceae,Aquifoliales,asterids,1.815392963,0.134179938,0.107892024,0.807059072,0.960419602,0.983940655,1.342229999,8.68049918,8.678526248,88.09,156.32,94.35,544.69,2308.55,2.88,19.1,-47.82,-65.27,-56.545,2.02,12.67,NA,NA,0.39,6
62,Hib_sca,Hibbertia scandens,Dilleniaceae,Dilleniales,rosids,8.642731487,6.516411421,1.121313556,0.555992068,0.730967123,0.902796772,0.655025369,0.839188923,1.305607443,91.72,132.67,120.1,737.11,4048.73,4.21,NA,-66.45,-43.6,-55.025,4.13,3.2,NA,NA,0.33,5
63,Ill_lan,Illicium lanceolatum,Schisandraceae,Austrobaileyales,basal angiosperms,4.601915509,0.396979344,0.105961342,0.68889599,0.964018367,0.988982305,0.801921229,2.910991795,2.913579376,111.47,NA,141.87,1591.79,4090.29,5.81,18.57,-98.25,-98.42,-98.335,1.27,12.4,0.16,0.51,0.35,2
64,Ite_ili,Itea ilicifolia,Iteaceae,Saxifragales,basal eudicots,3.77708055,2.269969247,0.363863872,0.638608722,0.799365658,0.988133173,0.6844306045,0.848919138,0.57552398,207.03,NA,209.15,1450.33,18989.68,5.83,75.75,-63.64,13.43,-25.105,4.68,4.65,NA,NA,0.38,4
65,Kni_uva,Kniphofia uvaria,Asphodelaceae,Asparagales,monocots,4.020099796,0,0,0.638974354,0,0,26.04265113,0,9.491080677,92.15,476.25,219.26,390.98,5351.83,30.11,71.2,-81.95,-96.71,-89.33,1.02,11.58,NA,NA,0.22,3
66,Lon_jap,Lonicera japonica,Caprifoliaceae,Dipsacales,asterids,3.419990875,1.413029723,0.252445149,0.71392333,0.906725931,0.9689784855,0.5909868725,1.1537057635,1.50669807,48.61,76.27,170.3,325.21,6525.94,NA,NA,-91.93,-97.54,-94.735,1.48,12.78,NA,NA,0.33,6
67,Luz_niv,Luzula nivea,Juncaceae,Poales,monocots,0,3.737758842,0.176229349,0,0.773963652,1,0,67.338127735,25.581306385,93.22,NA,333.32,NA,6999.55,467.62,NA,NA,-70.54,NA,2.61,12.87,NA,NA,0.43,3
68,Mag_che,Magnolia chevalieri,Magnoliaceae,Magnoliales,basal angiosperms,1.249364483,0.0789758535,0.052434956,0.849400476,0.93239066,0.98548262,1.045632178,4.0305136345,2.415951498,93.62,361.01,63.49,2524.91,5771.59,9.79,NA,-97.17,-97.46,-97.315,1.75,34.83,0.73,1.96,0.27,2
69,Mal_pal,Malacothamnus palmeri,Malvaceae,Malvales,rosids,5.9686432505,0.817727577,0.1052014585,0.659777592,0.933792171,1,0.618344571,0.778429076,0.0880881535,100.94,7.7,25.63,83.35,731.72,0.12,NA,-93.84,-92.73,-93.285,1.57,4.73,NA,NA,0.5,5
70,Mel_maj,Melianthus major,Francoaceae,Geraniales,rosids,5.043479822,0.1157243625,0.065289364,0.678345551,0.95448552,0.990930774,0.6739367005,1.310979906,1.313904122,86.55,370.18,64.46,804.79,13784.6,8.67,NA,-79.58,5.23,-37.175,7,1.18,NA,NA,0.23,5
71,Met_dav,Metapanax davidii,Araliaceae,Apiales,asterids,0.9861331095,0.2906099205,0.036658939,0.8001522525,0.955253297,1,0.910552515,1.400177527,1.355668002,99.04,224.47,151.45,688.75,5196.97,9.25,26.62,-35.56,-5.56,-20.56,0.85,1.12,0.56,1.96,0.34,6
72,Mic_mul,Miconia multiplinervia,Melastomataceae,Myrtales,rosids,1.436221298,0.697147646,0.336082425,0.809101291,0.883661376,0.9699859255,0.76220125,0.88534359,1.061770091,45.64,119.33,119.31,480.59,9266.65,4.43,NA,-88.02,-56.83,-72.425,6.16,1.36,NA,NA,0.26,5
73,Mic_pla,Microlepia platyphylla,Dennstaedtiaceae,Polypodiales,ferns,1.346741688,1.3109846775,0.6520260745,0.95345671,0.9592888925,0.9697736675,3.205997917,3.206469582,3.238493655,84.72,253.04,204.7,368.47,8601.36,NA,NA,-84.17,-94.05,-89.11,2.83,0.86,0.75,2.3,0.36,1
74,Mon_car,Montinia caryophyllacea,Montiniaceae,Solanales,asterids,3.553241716,1.125907974,0.2057169305,0.699592662,0.899165655,0.9650412095,0.768525889,2.691215282,1.261531324,56.03,218.28,218.15,731.59,2453.54,NA,NA,NA,NA,NA,4.41,4.86,NA,NA,0.39,6
75,Myr_rub,Morella rubra,Myricaceae,Fagales,rosids,3.558433651,0.176476788,0.067211007,0.670224064,0.990580843,0.9956951355,0.625004792,4.764981116,2.4146229345,137.72,406.47,197.96,1536.5,5473.72,1.19,NA,-92.69,-95.53,-94.11,4.39,10.19,NA,NA,0.31,5
76,Nan_dom,Nandina domestica,Berberidaceae,Ranunculales,basal eudicots,4.205049094,0.419603816,0.068389948,0.708362203,0.987846588,1,0.839920289,2.46861464,0.992104228,93.92,NA,115.16,1522.99,8099.51,7.32,NA,-52.14,52.28,0.0700000000000003,6.1,2.73,1.24,3.76,0.43,4
77,Not_fus,Fuscospora fusca,Nothofagaceae,Fagales,rosids,5.0842377275,3.0210670815,0.313444858,0.6670968895,0.7638483525,1,0.5858346065,0.756774949,0.827405123,154.23,249.2,104.16,2790.33,6925.46,11.75,20.88,-85.84,55.56,-15.14,6.38,11.09,1.14,4.33,0.31,5
78,Ole_eur,Olea europaea,Oleaceae,Lamiales,asterids,6.161331158,0.769115493,0.184083851,0.715777998,0.9876072975,1,0.92748364,4.082954457,1.758744931,184.6,NA,186.36,4456.98,8692.09,4.5,NA,-33.13,-40.6,-36.865,3.52,3.38,NA,NA,0.83,6
79,Ono_sen,Onoclea sensibilis,Onocleaceae,Polypodiales,ferns,5.19632764,4.2325321405,0.229888468,0.49072959,0.6539409405,0.9816080845,2.246765298,3.511918389,4.6458090295,22.54,99.38,190.5,458.1,4948.88,3.11,NA,-88.57,-95.99,-92.28,5.95,1.16,NA,NA,0.22,1
80,Osm_ber,Osmorhiza berteroi,Apiaceae,Apiales,asterids,9.407803527,7.353842032,0.314375872,0.456566184,0.629332658,1,0.7953473475,0.942522883,1.790073074,18.91,66.74,128.74,875.28,14448.04,NA,NA,-8.19,1.59,-3.3,2.35,7.59,NA,NA,0.44,6
81,Pae_bro,Paeonia broteroi,Paeoniaceae,Saxifragales,basal eudicots,4.2465665665,0.106677336,0.045137462,0.7313699665,0.974552117,0.99041267,0.797152525,0.231379054,0.233614094,69.92,521.06,240.39,42792.97,6640.94,NA,NA,-88.56,-89.37,-88.965,7.54,16.29,NA,NA,0.44,4
82,Par_tor,Parajubaea torallyi,Arecaceae,Arecales,monocots,4.208665932,0.202023998,0,0.3585241465,0.968463815,0,6.9357152905,37.945179795,5.872305528,246.69,553.15,363.09,3483.18,19.49,55.85,266.02,-99.93,-99.73,-99.83,2.54,1.19,NA,NA,0.23,3
83,Per_acu,Pereskia aculeata,Cactaceae,Caryophyllales,rosids,4.312645277,4.3125221955,2.405647528,0.597708782,0.5977564375,0.729558939,0.670831114,2.001016781,1.166883273,66.78,14.83,12.62,86.13,447.89,NA,NA,-82.01,-89.7,-85.855,1.7,0.4,NA,NA,0.33,5
84,Peu_bol,Peumus boldus,Monimiaceae,Laurales,basal angiosperms,2.777184223,0.120861726,0.042564191,0.721179027,1,1,0.6609242715,2.362366574,0.9000319905,127.61,250.17,130.58,746.56,1788.63,41.74,33.13,-93.84,-93.96,-93.9,4.16,7.3,NA,NA,0.5,2
85,Phi_lat,Phillyrea latifolia,Oleaceae,Lamiales,asterids,5.357414708,1.332012381,0.1719257305,0.669278695,0.9450513215,0.9922050495,0.67280014,1.4349813095,2.7618512905,196.63,491.99,150.69,48897.43,4948.59,17.92,41.33,-74.6,-83.7,-79.15,4.39,20.03,NA,NA,0.39,6
86,Phi_var,Philodendron variifolium,Araceae,Alismatales,monocots,2.488546297,1.985236295,0.432796395,0.50762188,0.700374378,0.95268489,0.820048235,1.28547942,0.9538296945,27.39,170.27,179.88,232.78,5380.5,15.77,NA,-32.61,-91.55,-62.08,0.8,2.26,NA,NA,0.32,3
87,Phy_pur,Phyllanthus purpusii,Phyllanthaceae,Malpighiales,rosids,0,2.019411975,1.565002588,0,0.516073394,0.671248694,0,0.823088484,1.0661543535,53.41,30.59,16.17,89.05,1366.71,2.51,NA,-86.87,-83.78,-85.325,6.26,4.14,NA,NA,0.34,5
88,Pit_vir,Pittosporum viridiflorum,Pittosporaceae,Apiales,asterids,5.099647765,0.143805536,0.080349251,0.680828585,0.9679883185,0.988092256,0.754919658,3.271150224,1.53787134,101.35,342.17,154.37,1000.73,4783.9,3.53,2.3,10.85,-87.43,-38.29,2.33,6.23,0.28,0.86,0.57,6
89,Pla_ori,Platanus orientalis,Platanaceae,Proteales,basal eudicots,4.349297314,0.51499622,0.136034337,0.665250124,0.985660909,0.993966467,0.6151154515,1.621794195,0.179833744,90.88,349.36,46.33,1103.9,12301.78,5.01,1.03,-78.32,-71.55,-74.935,3.48,5.85,NA,NA,0.32,4
90,Pol_cor,Rhinotropis cornuta,Polygalaceae,Fabales,rosids,7.895085967,5.082773,0.800850457,0.586077855,0.750611778,0.9434440895,0.7843432035,0.9637878915,4.0682070455,64.43,106.45,79.55,701.9,4960.75,NA,NA,-1.56,-65.79,-33.675,3.32,2.06,NA,NA,0.43,5
91,Pol_cri,Pollia crispata,Commelinaceae,Commelinales,monocots,2.082335661,0.207207675,0.051554091,0.6533019755,0.872476748,0.9131218275,1.9914446215,2.329091715,2.3550215555,58.79,225.92,94.12,2127.92,3679.12,15.35,241.16,73.74,272.13,172.935,5.54,2.13,NA,NA,0.35,3
92,Pol_vir,Persicaria virginiana,Polygonaceae,Caryophyllales,rosids,5.090176038,0.3789530485,0.055489155,0.660577997,0.9850141435,0.998644148,0.724849008,0.877294005,0.88972818,33.03,145.69,168.42,676.66,5492.09,NA,NA,-63,-72.36,-67.68,5.85,0.66,NA,NA,0.35,5
93,Pro_hoo,Prosartes hookeri,Liliaceae,Liliales,monocots,4.696040216,2.228562708,0.091914246,0.688625298,0.861368651,1,0.82041825,1.060951716,0.843311038,40.78,13.87,11.93,155.74,1838.76,7.01,NA,-66.9,-81.37,-74.135,4.1,0.5,NA,NA,0.29,3
94,Pte_esc,Pteridium esculentum,Dennstaedtiaceae,Polypodiales,ferns,0,0,2.836005466,0,0,0.775019953,0,0,1.750055812,182.17,1294.39,590.65,858.62,20955,216.75,NA,-64.22,-20.29,-42.255,4.12,0.25,2.17,2.44,0.4,1
95,Puy_alp,Puya alpestris,Bromeliaceae,Commelinales,monocots,0.165939001,0,0,1,1,0,57.39958586,47.680469645,29.10639112,148.21,56.26,70.47,83.6,585.06,26.29,113.05,-57.14,-75.93,-66.535,0.72,0.8,NA,NA,0.21,3
96,Qui_sap,Quillaja saponaria,Quillajaceae,Fabales,rosids,4.6543320565,0.121303691,0.038789484,0.7410387895,0.964012576,1,0.8444971415,0.442787969,0.443772954,159.71,329.92,95.11,400.51,2995.29,8.62,7.75,-72.2,38.52,-16.84,6.17,1.22,NA,NA,0.64,5
97,Ran_lae,Randia laetevirens,Rubiaceae,Gentianales,asterids,2.820048987,1.1118462365,0.311753571,0.726947543,0.8720670375,0.911287876,0.694974922,1.00099652,0.928007267,72.89,80.74,108.72,365.54,3832.33,15.23,NA,-49.67,137.42,43.875,5.53,1.41,NA,NA,0.64,6
98,Res_lut,Reseda luteola,Resedaceae,Brassicales,rosids,4.331420626,0.67691101,0.207009144,0.658674578,0.9700086035,1,1.1440488825,12.45043592,10.52806051,60.47,53.33,93.46,428.56,3094.59,26.02,NA,-91.9,-93.48,-92.69,2.76,2.14,NA,NA,0.38,5
99,Rha_pir,Rhamnus pirifolia,Rhamnaceae,Rosales,rosids,3.919690617,0.610158659,0.079083756,0.650479056,0.985029024,0.987593516,0.873196666,2.135379435,0.695664992,138.02,155.68,265.85,35358.86,4178.95,0.67,6.85,-33.86,-22.83,-28.345,3.69,4.77,NA,NA,0.48,5
100,Rib_vib,Ribes viburnifolium,Grossulariaceae,Saxifragales,basal eudicots,0,3.536235716,1.831337188,0,0.7236991165,0.857009881,0,1.0863872515,1.2107428335,109.12,176.16,116.43,657.85,3056.75,1.22,NA,10.89,9.06,9.975,6.64,1.82,NA,NA,0.29,4
101,Rom_cou,Romneya coulteri,Papaveraceae,Ranunculales,basal eudicots,1.605728421,0.128745914,0.039050575,0.729497381,0.9842113245,0.995128655,0.966322637,0.2628366785,0.256153809,162.72,3.44,145.31,328.25,1077.33,NA,NA,-74.46,-65.36,-69.91,2.71,5.3,NA,NA,0.27,4
102,Rub_odo,Rubus odoratus,Rosaceae,Rosales,rosids,3.431945403,0.558162113,0.05101354,0.773465958,0.934138741,1,0.599674669,0.821133485,0.173909815,57.59,93.04,23.49,255.1,2452.56,NA,NA,-92.44,-89.13,-90.785,6.35,3.37,NA,NA,0.41,5
103,Rub_tin,Rubia tinctorum,Rubiaceae,Gentianales,asterids,7.115784808,4.615899443,0.148356036,0.602568064,0.848606812,0.982846469,0.7190467535,0.951029427,2.332018177,76.49,171.85,64.78,923.55,4786.41,49.57,NA,-85.4,-95.57,-90.485,3.68,9.51,NA,NA,0.31,6
104,Sag_lat,Sagittaria latifolia,Alismataceae,Alismatales,monocots,1.818127863,0.076833016,0.0251053725,0.708659424,0.978228797,0.9967501905,1.999759134,0.7120083875,0.712041838,75.24,111.91,29.46,345.07,3711.65,5.6,NA,-77.68,-90.96,-84.32,2.94,5.78,NA,NA,0.09,3
105,Sal_sco,Salix scouleriana,Salicaceae,Malpighiales,rosids,2.267827542,0.145882906,0.060087593,0.698688756,1,1,0.798893179,0.89104691,0.890652489,108.68,205.99,89.07,869.44,5070.25,4.73,27.73,-85.97,-88.54,-87.255,5.58,1.7,NA,NA,0.31,5
106,Sam_nig,Sambucus nigra,Adoxaceae,Dipsacales,asterids,5.279101082,2.171601163,0.049413784,0.6930701105,0.901552242,1,0.7529449,1.3201967885,0.703533549,69.25,191.61,137.4,26624.59,5343.66,2.11,NA,-96.44,-87.71,-92.075,6.9,3.96,NA,NA,0.34,6
107,Sau_cer,Saururus cernuus,Saururaceae,Piperales,basal angiosperms,1.710773445,0.281656724,0.076083552,0.814551973,0.952516672,0.983240436,0.923309596,0.556774879,0.566435684,35.1,109.74,117.07,215.7,4786.46,1.37,NA,-98.62,-91.74,-95.18,6.38,2.28,NA,NA,0.3,2
108,Sau_mad,Saurauia madrensis,Actinidiaceae,Ericales,asterids,2.739172716,0.414682765,0.146099361,0.6805633145,0.938170126,0.984098973,0.6735916035,0.9938005885,1.752689435,59.97,23.28,4.44,194.13,523.48,0.69,NA,-97.55,-96.25,-96.9,1.18,0.38,NA,NA,0.25,6
109,Sch_pol,Schinus polygama,Anacardiaceae,Sapindales,rosids,9.861369609,9.247887821,5.449912615,0.617635579,0.675913759,0.825865169,1.256840123,0.913755841,1.262071084,193.36,123.33,117.86,789.5,2975.2,NA,NA,-98.34,-97.98,-98.16,6.8,17.25,NA,NA,0.27,5
110,Sim_chi,Simmondsia chinensis,Simmondsiaceae,Caryophyllales,rosids,4.071092134,1.063833907,0.332921182,0.705453449,0.885298677,0.983771858,0.945885281,1.146233122,1.5801110765,185.81,160.98,35.24,1594.13,4039.71,4.5,7.81,-89.68,-93.79,-91.735,3.95,1.14,1.29,2.67,0.78,5
111,Smi_his,Smilax tamnoides,Smilacaceae,Liliales,monocots,2.7164477095,1.298792466,0.057064485,0.712442728,0.834393495,0.996929089,0.755174316,0.875616159,0.289305339,35.48,192.71,258.66,354.04,6619.92,5.56,26.25,-88.65,-41.28,-64.965,1.87,1.67,0.44,1.35,0.37,3
112,Sol_lig,Solanum ligustrinum,Solanaceae,Solanales,asterids,1.3779848395,0.539507019,0.096032268,0.7465398545,0.899944349,0.9853905805,0.9734515585,1.373521093,1.7842022225,125.29,39.19,27.15,295.75,993.57,2.49,10.35,-32.39,-66.49,-49.44,3.37,10.68,NA,NA,0.38,6
113,Sta_chi,Stachyurus chinensis,Stachyuraceae,Crossosomatales,rosids,2.702898558,0.764196198,0.0912252985,0.779596856,0.942668954,0.9967420785,0.74785636,0.504427701,0.502964087,57.69,151.39,51.36,356.33,3553.27,0.88,NA,-92.64,-97.02,-94.83,4.33,0.99,NA,NA,0.3,5
114,Tas_lan,Tasmannia lanceolata,Winteraceae,Canellales,basal angiosperms,2.5978410855,0.3817052335,0.155666076,0.6877246895,0.991197284,1,1.977051393,2.867663594,2.867305202,157.81,146.84,191.15,1127.45,2659.92,11.66,40.11,-74.15,-55.18,-64.665,3.94,9.43,0.34,1.03,0.36,2
115,Tec_spe,Tecomanthe speciosa,Bignoniaceae,Lamiales,asterids,5.964730165,0.250799133,0.072121987,0.672390578,0.939155302,0.965732341,0.7287221245,0.647734318,0.660073962,62.84,240.77,217.05,952.71,5792.89,3.56,NA,-87.56,-91.02,-89.29,NA,3.76,1,1.14,0.27,6
116,Tod_bar,Todea barbara,Osmundaceae,Osmundales,ferns,3.463649015,2.50110588,1.868377214,0.726967517,0.76520429,0.878228889,1.4680817375,2.201957448,3.665189645,81.07,433.12,103.95,572.61,20597.91,5.33,NA,-2.59,-73.92,-38.255,6.09,0.15,0.6,1.84,0.29,1
117,Tri_lan,Trichostema lanatum,Lamiaceae,Lamiales,asterids,6.239697713,4.939838989,1.469479976,0.438594897,0.595860266,0.8934999645,1.445579838,1.23599025,17.548943715,203.84,68.4,38.09,175.32,58.07,NA,NA,34.23,-83.63,-24.7,6.27,12.56,NA,NA,0.55,6
118,Tro_ara,Trochodendron aralioides,Trochodendraceae,Trochodendrales,basal eudicots,6.207688808,0.154230425,0.0328958135,0.730700597,0.985266238,0.997887283,0.82507668,1.011645095,1.0160715575000001,193.91,NA,134.48,1408.48,4930.09,4.78,10.68,-72.41,-89.34,-80.875,3.25,16.81,1.48,3.47,0.38,4
119,Ure_car,Urera caracasana,Urticaceae,Rosales,rosids,2.107033648,0.49663382,0.0474442405,0.809165529,0.951848141,0.9905855195,0.618394415,0.822987695,1.213613149,31.89,99.19,22.9,256.91,8183.11,10.95,NA,-38.22,-86.83,-62.525,1.05,0.47,NA,NA,0.19,5
120,Vio_gla,Viola glabella,Violaceae,Malpighiales,rosids,3.753650358,2.183212604,0.398454808,0.740549166,0.836037741,0.992600635,0.620878491,0.560879382,0.198049306,20.1,49.14,71.39,387.4,3646.37,1.9,NA,-81.52,-57.93,-69.725,1,1.39,NA,NA,0.42,5
