...1,spp_code,spp_name_WP,family_WP,order_apg4,clade,VD_small,VD_medium,VD_large,MST_small,MST_medium,MST_large,ER_small,ER_medium,ER_large,LMA,SWP_M,SWP_L,SWS_M,SWS_L,e_W,e_L,Dkleaf_M,Dkleaf_L,Dkleaf_mean,Phe,Kleaf_max,P50,P88,ISI,clade2
1,Abe_mex,Abelia mexicana,Caprifoliaceae,Dipsacales,asterids,2.22555414,1.462934945,0,0.761307322,0.87846809,0,0.815464332,0.94526567,0,42.34,140.17,70.35,279.24,9796.62,3.23,NA,-98.56,-93.56,-96.06,4.12,5,0.35,1.08,0.45,6
2,Aex_pun,Aextoxicon punctatum,Aextoxicaceae,Berberidopsidales,rosids,2.394430686,2.105960419,0.50525941,0.506476198,0.651016045,0.988486599,0.965990063,0.855348382,1.757368026,202.22,37.49,29.6,399.92,1195.09,6.3,100.15,-80.3,-65.09,-72.695,6.21,2.49,0.5,1.53,0.38,5
3,Ale_cor,Alectryon coriaceus,Sapindaceae,Sapindales,rosids,2.645986862,2.238992328,0.838743488,0.636042207,0.747417162,0.967810766,0.8272338,0.807739912,1.297718814,148.11,837.99,108.49,1793.69,6891.41,6.03,13.57,-80.23,-83.97,-82.1,6.18,0.65,0.6,2.46,0.32,5
4,Als_lig,Alstroemeria ligtu,Alstroemeriaceae,Liliales,monocots,1.612096947,1.272099039,0,0.542979745,0.716557735,0,5.315079715,3.26739704,0,46.94,93.9,83.56,67.77,340.52,64.26,NA,-98.96,-98.5,-98.73,1.8,33.78,NA,NA,0.19,3
5,Ane_cal,Anemopsis californica,Saururaceae,Piperales,basal angiosperms,2.398724819,1.817623939,0.256069928,0.721919311,0.783604107,0.866321572,0.859123666,0.855112779,0.551404542,93.44,157.41,81.95,1410.28,9720.78,0.21,10.65,-58.92,-56.47,-57.695,6.41,15.64,0.21,1.28,0.29,2
6,Arg_spi,Argania spinosa,Sapotaceae,Ericales,asterids,2.567482341,2.096011581,0.372597964,0.631654091,0.742010944,0.927767348,1.143340713,1.265670908,2.223723657,110.34,132.61,62.69,226.86,3250.95,5.34,NA,-54.72,-13.44,-34.08,4.86,27.43,NA,NA,0.66,6
7,Ari_bae,Aristolochia baetica,Aristolochiaceae,Piperales,basal angiosperms,2.435999644,1.662778415,0.301001213,0.716575047,0.872904091,0.996692885,0.777026589,0.809447436,0.382835049,74.16,255.49,182.43,736.49,7176.13,3.36,NA,68.81,-52.18,8.315,3.14,1.06,NA,NA,0.38,2
8,Asi_tri,Asimina triloba,Annonaceae,Magnoliales,basal angiosperms,2.044789614,1.538273183,0.54472861,0.730816029,0.752833896,0.970444205,0.761755205,0.784729563,1.191372586,38.14,173.39,82.34,704.1,2889.36,7.49,NA,-90.18,-95.84,-93.01,1,1.71,NA,NA,0.3,2
9,Asp_obl,Asplenium oblongifolium,Aspleniaceae,Polypodiales,ferns,0.858863594,0.475445264,0,0.998117672,0.998323824,0,1.829566374,1.829591741,0,111.38,172.89,96.02,753.83,6613.71,1.9,19.6,-91.01,-60.23,-75.62,0.81,0.59,NA,NA,0.32,1
10,Ast_ban,Astelia banksii,Asteliaceae,Asparagales,monocots,2.035374443,1.437925505,0,0.388419949,0.51889762,0,4.552018304,5.091657862,4.605620143,267.6,291.58,201.42,7046.25,6966.23,1.16,1.07,-96.7,-99.03,-97.865,0.41,0.8,0.41,1.05,0.16,3
11,Bar_pur,Barbacenia purpurea,Velloziaceae,Pandanales,monocots,2.321566884,0.680651384,0,0.635683573,1,0,6.201197345,3.547657149,0,173.8,NA,425.33,7774.52,7458.79,527.49,783.02,-85.98,-94.62,-90.3,3.6,5.12,NA,NA,0.27,3
12,Beg_for,Begonia formosa,Begoniaceae,Cucurbitales,rosids,1.643535647,1.389266917,0.32860129,0.71374649,0.785375426,0.967522644,0.785233926,0.946358808,0.799533151,32.76,344.31,52.77,502.5,1980.69,0.33,NA,-94.1,-95.28,-94.69,4.42,4.73,NA,NA,0.25,5
13,Bei_tar,Beilschmiedia tarairi,Lauraceae,Laurales,basal angiosperms,2.504688367,2.141739417,1.048719227,0.62841604,0.719578361,0.951341585,0.766833309,0.748779279,0.880338834,149.37,198.65,153.18,2107.18,5479.78,2.67,9.32,-96.23,-97.61,-96.92,5.31,3.56,NA,NA,0.31,2
14,Bux_har,Buxus harlandii,Buxaceae,Buxales,basal eudicots,2.624118786,2.306239352,0.550676159,0.524960473,0.665077193,0.992662183,1.563169074,1.961341314,1.290766719,177.74,NA,336.58,2102.02,5637.53,6.95,NA,18.1,-9.66,4.22,1.29,6.4,1.28,3.91,0.65,4
15,Cal_nut,Deyeuxia nutkaensis,Poaceae,Poales,monocots,0.34382265,0.027706082,0,0.994976756,1,0,9.535649568,7.132694144,2.089149994,112.58,134.45,114.29,2395.21,6975.67,213.83,683.15,-87.55,-95.09,-91.32,1.17,3.23,NA,NA,0.24,3
16,Cal_pan,Ackama paniculosa,Cunoniaceae,Oxalidales,rosids,1.634256047,1.234210946,0.458895325,0.669218684,0.803347528,0.998193785,0.792322777,0.839301673,1.564839734,159.9,404.43,80.23,1444.21,9783.98,1.63,60.36,-91.62,-97.42,-94.52,3.5,2.73,0.53,1.62,0.37,5
17,Cam_sin,Camellia sinensis,Theaceae,Ericales,asterids,2.370885492,1.859300662,0.573544611,0.724368625,0.776110637,0.971456298,0.856984417,0.849958208,1.112641999,88.83,94.42,141.34,2397.97,7295.4,6.17,48.02,-86.96,-88.98,-87.97,3.27,1.91,2.62,4.73,0.44,6
18,Can_can,Canarina canariensis,Campanulaceae,Asterales,asterids,1.884005162,0.961224367,0.242682168,0.726068171,0.960858866,1,0.98682617,1.533068082,0.96672574,25.07,89.5,103.99,203.67,5301.48,15.87,NA,-78.99,-82.62,-80.805,3.97,1.09,NA,NA,0.26,6
19,Car_pal,Carya palmeri,Juglandaceae,Fagales,rosids,2.117361285,1.87631078,1.144498223,0.606779161,0.672759019,0.84243537,0.715382044,0.732155931,1.181999592,59.88,50.73,35.6,176.25,1615.71,NA,NA,-68.97,-87.35,-78.16,4.22,1.99,NA,NA,0.54,5
20,Car_pen,Carex agastachys,Cyperaceae,Poales,monocots,2.273076214,1.973082567,0.073675138,0.412968789,0.662079653,1,4.513466206,4.24761756,1.101112879,124.74,387.81,795.82,1264.17,13545.2,399.7,525.01,-72.17,-96.66,-84.415,0.98,0.17,NA,NA,0.33,3
21,Cat_edu,Catha edulis,Celastraceae,Celastrales,rosids,2.169382527,1.701331546,0.37945993,0.624274348,0.772677605,0.998878343,0.899563372,1.038453939,1.444925534,130.98,NA,61.26,4436.9,5078.43,11.62,NA,-65.58,47.05,-9.265,6.93,4.21,NA,NA,0.47,5
22,Cel_aus,Celtis australis,Cannabaceae,Rosales,rosids,0.299499202,0.224218315,0.054266325,0.64880318,0.787882243,1,0.767874426,0.799518358,1.236059183,57.8,273.53,188.28,1181.49,13405.02,3.33,NA,-84.16,-43.6,-63.88,0.81,3.67,NA,NA,0.37,5
23,Cel_ten,Celtis tenuifolia,Cannabaceae,Rosales,rosids,2.159966458,1.792166435,0.85044009,0.611828044,0.700741826,0.955792262,0.777600203,0.773630682,1.136000746,54.91,258.13,27.97,419.46,3706.13,1.87,NA,-54.21,10.97,-21.62,1.52,0.52,NA,NA,0.38,5
24,Chi_nit,Chimonanthus nitens,Calycanthaceae,Laurales,basal angiosperms,1.573903326,1.15008929,0.326764375,0.697595488,0.784906576,0.997241647,0.723368734,0.810654666,1.436930791,57.23,205.09,59.49,2157.35,14912.49,11.47,46.27,-76.97,-69.35,-73.16,2.47,3.13,0.37,1.35,0.35,2
25,Chl_spi,Chloranthus spicatus,Chloranthaceae,Chloranthales,basal angiosperms,1.909140121,1.337836314,0.281932961,0.802249312,0.825941312,0.993627495,0.844509767,1.018478238,0.987999275,42.03,204.68,180.25,695.86,5481.03,1.76,33.89,-61.87,1.04,-30.415,1.93,0.82,NA,NA,0.38,2
26,Cis_ant,Cissus antarctica,Vitaceae,Vitales,rosids,2.779539922,2.374601991,0.995474373,0.586947584,0.700919234,0.954884416,0.862434458,0.814784751,0.960566594,87.08,125.1,153.1,719.63,6570.09,1.97,7.21,-58.35,-72.28,-65.315,3.79,0.33,NA,NA,0.36,5
27,Cis_pop,Cistus populifolius,Cistaceae,Malvales,rosids,2.830106652,1.196137814,0.319066308,0.707310194,0.943081213,0.998438796,0.795428248,0.95532403,0.745171994,98.63,100.7,88.45,604.2,3883,2.15,NA,235.79,88.1,161.945,7.29,0.44,NA,NA,0.41,5
28,Cit_mon,Citharexylum montevidense,Verbenaceae,Lamiales,asterids,2.652928301,2.209938388,0.879490458,0.617348845,0.715027588,0.956698622,0.807194133,0.817880316,1.130328531,176.02,856.42,272.37,3478.44,25410.3,52.97,64.7,100.51,-84.15,8.18,4.8,2.58,NA,NA,0.35,6
29,Clu_ala,Clusia alata,Clusiaceae,Malpighiales,rosids,1.654804311,1.357683145,0.349604132,0.794591605,0.861980721,1,0.789692359,1.056671855,1.431727087,181.47,136.84,94.31,2537.08,6656.66,6.68,16.92,-94.61,-94.42,-94.515,3.4,15.69,NA,NA,0.23,5
30,Cne_tri,Cneorum tricoccon,Rutaceae,Sapindales,rosids,2.8771598,2.49971663,0.431240535,0.580294333,0.740093952,1,0.858894594,0.937755138,2.115992691,156.15,162.82,51.39,5539.32,2005.3,13.88,NA,-24.94,-53.79,-39.365,4.57,25.15,NA,NA,0.58,5
31,Com_ery,Combretum erythrophyllum,Combretaceae,Myrtales,rosids,1.863238566,1.553213036,0.482063983,0.653022892,0.74083837,0.985770701,0.808454852,0.944579724,1.318498921,46.86,729.01,110.98,1796.08,7112.13,1.88,NA,-96.16,-96.04,-96.1,4.92,5.99,0.49,1.51,0.44,5
32,Com_umb,Comandra umbellata,Comandraceae,Santalales,rosids,2.725003407,2.421294255,0.561734003,0.635544706,0.745695709,0.953244044,0.908123307,1.056340859,1.18542602,148.07,12.75,7.57,47.89,249.96,NA,NA,-20.38,-33.94,-27.16,6.64,25.45,NA,NA,0.5,5
33,Cor_bud,Corokia buddleioides,Argophyllaceae,Asterales,asterids,2.429391147,1.8870956,0.399780055,0.657949906,0.772076719,1,0.915039989,1.042215099,1.978335051,137.81,235.3,98.61,494.29,2739.28,13.55,NA,-16.86,292.2,137.67,5.87,2.11,NA,NA,0.39,6
34,Cor_lae,Corynocarpus laevigata,Corynocarpaceae,Cucurbitales,rosids,2.439372618,1.999221925,0.452451615,0.612909176,0.693808792,0.977818071,0.938501871,0.96793403,1.180144009,99.85,635.89,136.09,1258.42,6161.07,3.95,13.73,-67.57,-79.64,-73.605,1.09,2.07,0.51,1.88,0.3,5
35,Cos_tap,Costus tappenbeckianus,Costaceae,Zingiberales,monocots,1.947410935,1.652154737,0.074040009,0.528665369,0.648136031,1,1.026615108,1.236718707,1.022957884,55.84,107.82,88.62,889.25,4118.85,2.9,5.2,-77.93,-83.75,-80.84,1.44,0.89,NA,NA,0.22,3
36,Cri_pat,Crinodendron patagua,Elaeocarpaceae,Oxalidales,rosids,2.042353669,1.67634826,0.527889114,0.693164377,0.759375468,0.99119456,0.829049081,1.002665299,1.455427517,128.81,617.76,45.79,438.41,3048.4,14.41,NA,-94.05,-88.04,-91.045,5.77,12.4,NA,NA,0.32,5
37,Cup_nud,Cuphea nudicostata,Lythraceae,Myrtales,rosids,2.860614753,2.223441688,0.465939203,0.546736771,0.70470779,0.995355056,0.87589983,0.958503323,1.616518006,39.69,19.35,9.62,85.45,727.39,2.64,NA,-20.34,-73.02,-46.68,5.76,3.34,NA,NA,0.48,5
38,Cus_spi,Cussonia spicata,Araliaceae,Apiales,asterids,2.29190139,1.984891719,0.379833508,0.630082765,0.739493029,0.960900952,0.889552041,0.926214829,1.184391877,80.65,303.26,154.5,1444.49,4725.71,3.25,NA,-63.2,-82.84,-73.02,2.47,2.18,1.71,2.39,0.32,6
39,Cya_ful,Cyathea fulva,Cyatheaceae,Cyatheales,ferns,1.777092068,1.6519005,1.180994656,0.595651954,0.654505511,0.864630476,1.072719734,1.357521944,1.823037365,37.38,28.53,11.26,103.71,NA,2.57,NA,-98.55,-89.86,-94.205,1.21,0.93,NA,NA,0.31,1
40,Cyc_bip,Cyclanthus bipartitus,Cyclanthaceae,Pandanales,monocots,2.066344702,1.757425283,0.729005409,0.429199941,0.562231351,0.932265726,1.417505229,1.278699342,2.462097344,57.1,228.95,170.2,622.98,5878.35,2.45,NA,-75.61,-58.14,-66.875,0.43,0.64,NA,NA,0.24,3
41,Dap_him,Daphniphyllum himalayense,Daphniphyllaceae,Saxifragales,basal eudicots,1.787516506,1.569915807,0.600277258,0.786131366,0.841184967,0.968142799,0.805324731,0.838392264,2.153674472,121.62,185.2,138.05,1043.45,6564.48,0.93,7.98,-70.48,-79.31,-74.895,2.08,3.32,0.56,1.7,0.38,4
42,Del_fis,Delphinium fissum,Ranunculaceae,Ranunculales,basal eudicots,2.912532455,2.395024242,0.281165092,0.563070141,0.725609229,0.992363568,0.86664448,0.959306333,0.681812014,90.58,99.81,86.03,394.86,5643.93,2.89,NA,-94.84,-95.37,-95.105,2.26,13.69,NA,NA,0.3,4
43,Des_spi,Desfontainia spinosa,Columelliaceae,Bruniales,asterids,1.556267539,1.297973263,0.451924101,0.784611693,0.828426533,1,0.808073198,0.956468785,0.779398407,151.09,325.29,246.33,1075.82,5558.93,25.7,219.04,-96,-93.52,-94.76,1.31,26.53,0.29,0.98,0.57,6
44,Dic_ant,Dicksonia antarctica,Dicksoniaceae,Cyatheales,ferns,1.686755097,1.184480243,0,0.632583512,0.887826096,0,1.249043575,1.251726191,0,106.06,391.9,143.59,542.53,35020.8,63.3,NA,158.8,-12.7,73.05,2.66,0.19,2.27,6.87,0.25,1
45,Dic_feb,Hydrangea febrifuga,Hydrangeaceae,Cornales,asterids,1.203354088,0.733024066,0,0.721742274,0.839982495,0,1.027260679,1.723506958,0,61.13,141.4,61.67,566.1,2946.15,0.46,6.21,-53.01,-26.32,-39.665,2.85,1.55,NA,NA,0.36,6
46,Dic_squ,Dicksonia squarrosa,Dicksoniaceae,Cyatheales,ferns,1.491820375,1.417221204,1.00927675,0.770793248,0.815444573,0.914904146,1.342971927,1.003751135,1.08882986,123.52,636.78,142.62,556.34,48815.26,69.01,NA,414.25,175.69,294.97,3.92,0.24,NA,NA,0.31,1
47,Dio_lyc,Diospyros lycioides,Ebenaceae,Ericales,asterids,1.896192492,0.889505754,0,0.651611685,0.926677844,0,0.849600286,1.43445376,0,101.78,27.74,46.53,577.58,3306.71,0.62,NA,0,-38.74,-19.37,6.68,32.91,NA,NA,0.34,6
48,Dio_pol,Dioscorea oppositifolia,Dioscoreaceae,Dioscoreales,monocots,2.128235944,1.688142579,0.492744798,0.730493811,0.75816038,0.993654496,0.830492805,0.90484626,1.238253435,46.6,198.13,96.73,142.04,3064.74,24.27,NA,-85.86,-91.06,-88.46,1.27,0.91,NA,NA,0.26,3
49,Dip_esc,Diplazium esculentum,Athyriaceae,Polypodiales,ferns,2.092955078,1.742833094,0.51267194,0.575418336,0.666508467,1,1.629147319,1.658665662,1.778856182,43.25,24.16,58.83,499.66,13565.37,16.63,NA,-92.21,-91.7,-91.955,5.06,7.51,0.49,0.96,0.2,1
50,Dir_occ,Dirca occidentalis,Thymelaeaceae,Malvales,rosids,3.03719962,2.532506764,0.625866002,0.594823518,0.733643943,0.981383434,0.808065999,0.805540621,0.418482517,42.52,183.48,196.15,643.2,4218.45,4.16,5.66,-52.67,-85.16,-68.915,1.83,6.68,NA,NA,0.48,5
51,Doo_asp,Doodia aspera,Blechnaceae,Polypodiales,ferns,1.365309496,1.305195624,1.074761679,0.603303314,0.660158191,0.873051976,0.960842081,0.95542419,0.944114097,119.71,430.26,255.77,498.89,8330.02,115.59,NA,-97.4,-97.1,-97.25,5.12,1.19,2.24,3.33,0.41,1
52,Dry_rem,Dryopteris ramosa,Dryopteridaceae,Polypodiales,ferns,1.410924411,0.893980464,0.18992677,0.917634309,0.926944634,1,0.822005975,1.565469609,1.432061155,55.93,328.01,152.71,145.63,13797.98,34.61,NA,-82.48,-76.88,-79.68,2.1,2.07,NA,NA,0.31,1
53,Ehr_acu,Ehretia acuminata,Boraginaceae,Boraginales,asterids,2.383495085,1.964716893,0.61085311,0.60399717,0.683425567,0.980187579,0.765236352,0.791171517,1.729939746,64.72,57.85,26.84,188.19,1564.21,3,7.71,-96.59,-70.22,-83.405,2.6,10.54,NA,NA,0.36,6
54,Equ_tel,Equisetum telmateia,Equisetaceae,Equisetales,ferns,0,1.317314149,1.246572193,0,0.942415963,1,0,7.650267177,5.928627183,64.92,NA,77.16,NA,NA,14.45,NA,NA,-1.51,NA,2.11,7.3,NA,NA,0.27,1
55,Esc_her,Escallonia herrerae,Escalloniaceae,Escalloniales,asterids,2.830255209,2.375147912,0.592301293,0.644477563,0.765917685,0.971920693,0.810174793,0.80088623,2.294048013,78.44,455.57,73.35,829.84,3249.5,8.91,96.26,-81.54,-67.46,-74.5,4.84,1.62,NA,NA,0.33,6
56,Euc_cri,Euclea crispa,Ebenaceae,Ericales,asterids,2.446860337,2.010092328,0.518827854,0.595691337,0.713580863,1,0.957707006,0.946785973,1.17976117,162.41,NA,118.3,2258.59,6827.64,29.47,39.83,-63.89,-62.41,-63.15,6.96,28.99,NA,NA,0.53,6
57,Eur_jap,Eurya japonica,Pentaphylacaceae,Ericales,asterids,2.139469078,1.707940521,0.829659954,0.756806774,0.78456295,0.947752792,0.960957638,1.013927619,1.383286444,150.95,NA,260.54,601.13,5920.35,2.95,25.51,-76.07,-47.36,-61.715,2.41,2.45,NA,NA,0.42,6
58,Eus_jap,Staphylea japonica,Staphyleaceae,Crossosomatales,rosids,3.038166014,2.436891655,0.52782197,0.559501229,0.732000966,0.97167371,0.831241662,0.892351204,1.354759088,76.87,135.84,63.31,499.14,4487.42,0.67,NA,-98.68,-98.73,-98.705,6.4,9.4,NA,NA,0.24,5
59,Fra_son,Francoa appendiculata,Francoaceae,Geraniales,rosids,1.653752105,1.530630562,1.110395172,0.744927405,0.787389881,0.877579331,0.7906975,0.799100787,0.853146326,71.12,108.72,57.24,129.92,1460.66,90.38,78.85,-75.73,-90.31,-83.02,6.64,1.63,0.66,1,0.24,5
60,Gom_keu,Gomortega keule,Gomortegaceae,Laurales,basal angiosperms,2.282335199,2.088413826,1.089346082,0.590060108,0.695618468,0.928702767,0.855954074,0.867722491,1.036290605,276.2,364,140.59,1715.99,4501.98,4.8,11.99,-74,-38.86,-56.43,6.77,11.79,NA,NA,0.33,2
61,Hel_chi,Helwingia chinensis,Helwingiaceae,Aquifoliales,asterids,1.547029963,1.220610947,0.348559207,0.772026802,0.834686861,0.970243898,0.936621945,1.372183236,2.946208185,88.09,156.32,94.35,544.69,2308.55,2.88,19.1,-47.82,-65.27,-56.545,2.02,12.67,NA,NA,0.39,6
62,Hib_sca,Hibbertia scandens,Dilleniaceae,Dilleniales,rosids,2.964387405,2.570924587,0.182124724,0.535394417,0.724997421,0.955284424,0.800637302,0.925483215,1.143862817,91.72,132.67,120.1,737.11,4048.73,4.21,NA,-66.45,-43.6,-55.025,4.13,3.2,NA,NA,0.33,5
63,Ill_lan,Illicium lanceolatum,Schisandraceae,Austrobaileyales,basal angiosperms,2.349085598,1.8895948,0.678399805,0.617518519,0.747775925,0.962345042,0.864302026,0.91483101,1.705844784,111.47,NA,141.87,1591.79,4090.29,5.81,18.57,-98.25,-98.42,-98.335,1.27,12.4,0.16,0.51,0.35,2
64,Ite_ili,Itea ilicifolia,Iteaceae,Saxifragales,basal eudicots,2.030282379,1.91181605,1.529945658,0.610489259,0.647097372,0.790634434,0.805396767,0.834176641,0.91038307,207.03,NA,209.15,1450.33,18989.68,5.83,75.75,-63.64,13.43,-25.105,4.68,4.65,NA,NA,0.38,4
65,Kni_uva,Kniphofia uvaria,Asphodelaceae,Asparagales,monocots,2.011480583,0.863527804,0,0.593181215,0.955567303,0,5.208793566,4.532389397,3.080759756,92.15,476.25,219.26,390.98,5351.83,30.11,71.2,-81.95,-96.71,-89.33,1.02,11.58,NA,NA,0.22,3
66,Lon_jap,Lonicera japonica,Caprifoliaceae,Dipsacales,asterids,2.031948822,1.713333907,0.918064797,0.68766346,0.750862279,0.929454311,0.728627059,0.803585318,1.219913633,48.61,76.27,170.3,325.21,6525.94,NA,NA,-91.93,-97.54,-94.735,1.48,12.78,NA,NA,0.33,6
67,Luz_niv,Luzula nivea,Juncaceae,Poales,monocots,2.418725971,0.931410545,0,0.69609199,0.998241283,0,8.243422978,7.469671977,0,93.22,NA,333.32,NA,6999.55,467.62,NA,NA,-70.54,NA,2.61,12.87,NA,NA,0.43,3
68,Mag_che,Magnolia chevalieri,Magnoliaceae,Magnoliales,basal angiosperms,1.545739747,1.066150474,0.282818815,0.84999652,0.844095173,0.929260242,0.922212264,1.04260475,1.988779221,93.62,361.01,63.49,2524.91,5771.59,9.79,NA,-97.17,-97.46,-97.315,1.75,34.83,0.73,1.96,0.27,2
69,Mal_pal,Malacothamnus palmeri,Malvaceae,Malvales,rosids,2.6861561,2.336126356,0.70043892,0.572239027,0.701850847,0.960816817,0.774746519,0.793444668,0.835744495,100.94,7.7,25.63,83.35,731.72,0.12,NA,-93.84,-92.73,-93.285,1.57,4.73,NA,NA,0.5,5
70,Mel_maj,Melianthus major,Francoaceae,Geraniales,rosids,2.516713809,2.235052093,0.865185504,0.541796326,0.684035874,0.951288232,0.810326243,0.818910662,1.012118432,86.55,370.18,64.46,804.79,13784.6,8.67,NA,-79.58,5.23,-37.175,7,1.18,NA,NA,0.23,5
71,Met_dav,Metapanax davidii,Araliaceae,Apiales,asterids,1.173118151,0.923966324,0.191465242,0.787053797,0.82055145,1,0.985021999,0.983146098,1.164331569,99.04,224.47,151.45,688.75,5196.97,9.25,26.62,-35.56,-5.56,-20.56,0.85,1.12,0.56,1.96,0.34,6
72,Mic_mul,Miconia multiplinervia,Melastomataceae,Myrtales,rosids,1.207348267,1.034598014,0.642827068,0.805408748,0.825308724,0.949182699,0.869247083,0.896536737,1.037138038,45.64,119.33,119.31,480.59,9266.65,4.43,NA,-88.02,-56.83,-72.425,6.16,1.36,NA,NA,0.26,5
73,Mic_pla,Microlepia platyphylla,Dennstaedtiaceae,Polypodiales,ferns,1.160474335,1.085570046,0,0.953515626,0.964522777,0,1.790530211,1.798732052,0,84.72,253.04,204.7,368.47,8601.36,NA,NA,-84.17,-94.05,-89.11,2.83,0.86,0.75,2.3,0.36,1
74,Mon_car,Montinia caryophyllacea,Montiniaceae,Solanales,asterids,2.109072949,1.725028871,0.469229579,0.659043308,0.751749165,0.963404473,0.818080543,0.987764654,1.277741189,56.03,218.28,218.15,731.59,2453.54,NA,NA,NA,NA,NA,4.41,4.86,NA,NA,0.39,6
75,Myr_rub,Morella rubra,Myricaceae,Fagales,rosids,2.217171105,1.884527624,0.813487513,0.581155311,0.67091849,0.96635038,0.693239866,0.789826837,1.453806207,137.72,406.47,197.96,1536.5,5473.72,1.19,NA,-92.69,-95.53,-94.11,4.39,10.19,NA,NA,0.31,5
76,Nan_dom,Nandina domestica,Berberidaceae,Ranunculales,basal eudicots,2.359624226,2.02110609,0.644829533,0.640328954,0.719159064,0.988666779,0.850713889,0.921949251,1.540404102,93.92,NA,115.16,1522.99,8099.51,7.32,NA,-52.14,52.28,0.07,6.1,2.73,1.24,3.76,0.43,4
77,Not_fus,Fuscospora fusca,Nothofagaceae,Fagales,rosids,2.426935096,2.072510502,0.620085734,0.645794222,0.718861025,1,0.729286176,0.819041455,1.111531968,154.23,249.2,104.16,2790.33,6925.46,11.75,20.88,-85.84,55.56,-15.14,6.38,11.09,1.14,4.33,0.31,5
78,Ole_eur,Olea europaea,Oleaceae,Lamiales,asterids,2.743297933,2.276050404,0.42904994,0.643580262,0.771406405,1,0.940980423,0.982463031,1.32617681,184.6,NA,186.36,4456.98,8692.09,4.5,NA,-33.13,-40.6,-36.865,3.52,3.38,NA,NA,0.83,6
79,Ono_sen,Onoclea sensibilis,Onocleaceae,Polypodiales,ferns,2.259153748,2.032617044,0,0.493117804,0.669109696,0,1.638942126,1.879481965,0,22.54,99.38,190.5,458.1,4948.88,3.11,NA,-88.57,-95.99,-92.28,5.95,1.16,NA,NA,0.22,1
80,Osm_ber,Osmorhiza berteroi,Apiaceae,Apiales,asterids,2.716268019,0.560692315,0,0.62652897,1,0,0.968798361,1.337936125,0,18.91,66.74,128.74,875.28,14448.04,NA,NA,-8.19,1.59,-3.3,2.35,7.59,NA,NA,0.44,6
81,Pae_bro,Paeonia broteroi,Paeoniaceae,Saxifragales,basal eudicots,2.397676663,2.018547314,0.324868906,0.671599191,0.739199665,0.976839106,0.866375858,0.895163167,0.481034051,69.92,521.06,240.39,42792.97,6640.94,NA,NA,-88.56,-89.37,-88.965,7.54,16.29,NA,NA,0.44,4
82,Par_tor,Parajubaea torallyi,Arecaceae,Arecales,monocots,2.482394162,1.869691806,0,0.255582611,0.434477805,0,2.648078084,2.780674922,2.123415317,246.69,553.15,363.09,3483.18,19.49,55.85,266.02,-99.93,-99.73,-99.83,2.54,1.19,NA,NA,0.23,3
83,Per_acu,Pereskia aculeata,Cactaceae,Caryophyllales,rosids,2.076666856,1.551014999,0,0.597754289,0.729558939,0,1.089675211,1.080223714,0,66.78,14.83,12.62,86.13,447.89,NA,NA,-82.01,-89.7,-85.855,1.7,0.4,NA,NA,0.33,5
84,Peu_bol,Peumus boldus,Monimiaceae,Laurales,basal angiosperms,2.005796603,1.616121146,0.610432089,0.688522109,0.733735897,0.977348733,0.798644349,0.808119207,1.391902557,127.61,250.17,130.58,746.56,1788.63,41.74,33.13,-93.84,-93.96,-93.9,4.16,7.3,NA,NA,0.5,2
85,Phi_lat,Phillyrea latifolia,Oleaceae,Lamiales,asterids,2.557721991,2.287843606,0.828488328,0.563483166,0.681294462,0.970936222,0.81528313,0.824752149,1.577988671,196.63,491.99,150.69,48897.43,4948.59,17.92,41.33,-74.6,-83.7,-79.15,4.39,20.03,NA,NA,0.39,6
86,Phi_var,Philodendron variifolium,Araceae,Alismatales,monocots,1.584827212,1.449290888,0.348170203,0.494355501,0.652369182,0.968093512,0.880953901,1.09847136,0.971242051,27.39,170.27,179.88,232.78,5380.5,15.77,NA,-32.61,-91.55,-62.08,0.8,2.26,NA,NA,0.32,3
87,Phy_pur,Phyllanthus purpusii,Phyllanthaceae,Malpighiales,rosids,1.429632764,1.265091,0,0.510090557,0.668531748,0,0.898106157,1.024282202,0,53.41,30.59,16.17,89.05,1366.71,2.51,NA,-86.87,-83.78,-85.325,6.26,4.14,NA,NA,0.34,5
88,Pit_vir,Pittosporum viridiflorum,Pittosporaceae,Apiales,asterids,2.549742059,2.24023816,0.407590264,0.565645873,0.688321181,0.966654382,0.742632214,0.875098542,1.949045529,101.35,342.17,154.37,1000.73,4783.9,3.53,2.3,10.85,-87.43,-38.29,2.33,6.23,0.28,0.86,0.57,6
89,Pla_ori,Platanus orientalis,Platanaceae,Proteales,basal eudicots,2.398888694,2.024207643,0.570750733,0.566034473,0.684099942,0.989691129,0.734293237,0.793818556,0.76138218,90.88,349.36,46.33,1103.9,12301.78,5.01,1.03,-78.32,-71.55,-74.935,3.48,5.85,NA,NA,0.32,4
90,Pol_cor,Rhinotropis cornuta,Polygalaceae,Fabales,rosids,2.842525949,2.341907625,0.535585458,0.559678066,0.747011985,0.98235599,0.888340022,0.997507804,1.415971225,64.43,106.45,79.55,701.9,4960.75,NA,NA,-1.56,-65.79,-33.675,3.32,2.06,NA,NA,0.43,5
91,Pol_cri,Pollia crispata,Commelinaceae,Commelinales,monocots,1.744178189,1.367329086,0.405887452,0.64733821,0.671173912,0.889317573,1.515895883,1.404448724,1.530599518,58.79,225.92,94.12,2127.92,3679.12,15.35,241.16,73.74,272.13,172.935,5.54,2.13,NA,NA,0.35,3
92,Pol_vir,Persicaria virginiana,Polygonaceae,Caryophyllales,rosids,2.533783028,2.220359493,0.505575602,0.548632802,0.676473818,0.99192024,0.894824982,0.847547441,0.938557503,33.03,145.69,168.42,676.66,5492.09,NA,NA,-63,-72.36,-67.68,5.85,0.66,NA,NA,0.35,5
93,Pro_hoo,Prosartes hookeri,Liliaceae,Liliales,monocots,2.240691852,1.959618605,0.924575186,0.669449212,0.741713187,0.975057079,0.862521332,0.98514123,0.918847401,40.78,13.87,11.93,155.74,1838.76,7.01,NA,-66.9,-81.37,-74.135,4.1,0.5,NA,NA,0.29,3
94,Pte_esc,Pteridium esculentum,Dennstaedtiaceae,Polypodiales,ferns,1.684044378,0,0,0.775019953,0,0,1.32289675,0,0,182.17,1294.39,590.65,858.62,20955,216.75,NA,-64.22,-20.29,-42.255,4.12,0.25,2.17,2.44,0.4,1
95,Puy_alp,Puya alpestris,Bromeliaceae,Commelinales,monocots,0.407356111,0,0,1,1,0,7.576251439,5.474161885,0,148.21,56.26,70.47,83.6,585.06,26.29,113.05,-57.14,-75.93,-66.535,0.72,0.8,NA,NA,0.21,3
96,Qui_sap,Quillaja saponaria,Quillajaceae,Fabales,rosids,2.444342971,1.936705792,0.474618577,0.703168436,0.766182919,0.980107255,0.913414258,0.923067903,0.665944588,159.71,329.92,95.11,400.51,2995.29,8.62,7.75,-72.2,38.52,-16.84,6.17,1.22,NA,NA,0.64,5
97,Ran_lae,Randia laetevirens,Rubiaceae,Gentianales,asterids,1.707008558,1.59571378,1.234680954,0.712870078,0.747035097,0.846413006,0.816380793,0.821050316,0.969179848,72.89,80.74,108.72,365.54,3832.33,15.23,NA,-49.67,137.42,43.875,5.53,1.41,NA,NA,0.64,6
98,Res_lut,Reseda luteola,Resedaceae,Brassicales,rosids,2.371947292,2.047657631,1.024097152,0.536659603,0.673740204,0.954758689,1.077682733,1.056192017,2.027054219,60.47,53.33,93.46,428.56,3094.59,26.02,NA,-91.9,-93.48,-92.69,2.76,2.14,NA,NA,0.38,5
99,Rha_pir,Rhamnus pirifolia,Rhamnaceae,Rosales,rosids,2.319036295,1.994898822,1.173066385,0.558268344,0.646018587,0.927626096,0.920864537,0.919729871,1.201648483,138.02,155.68,265.85,35358.86,4178.95,0.67,6.85,-33.86,-22.83,-28.345,3.69,4.77,NA,NA,0.48,5
100,Rib_vib,Ribes viburnifolium,Grossulariaceae,Saxifragales,basal eudicots,1.928338523,1.612813086,0,0.690581302,0.837880531,0,1.881994141,1.066970362,0,109.12,176.16,116.43,657.85,3056.75,1.22,NA,10.89,9.06,9.975,6.64,1.82,NA,NA,0.29,4
101,Rom_cou,Romneya coulteri,Papaveraceae,Ranunculales,basal eudicots,1.415355069,1.145385843,0.461584895,0.725571726,0.764184324,0.97923472,0.978406529,0.99623737,0.524896732,162.72,3.44,145.31,328.25,1077.33,NA,NA,-74.46,-65.36,-69.91,2.71,5.3,NA,NA,0.27,4
102,Rub_odo,Rubus odoratus,Rosaceae,Rosales,rosids,1.945564493,1.576388147,0.887574715,0.75303961,0.817195628,0.910872716,0.766247759,0.780412972,0.876435508,57.59,93.04,23.49,255.1,2452.56,NA,NA,-92.44,-89.13,-90.785,6.35,3.37,NA,NA,0.41,5
103,Rub_tin,Rubia tinctorum,Rubiaceae,Gentianales,asterids,2.801221981,2.484942805,0.41422628,0.525997261,0.700966545,0.963381686,0.847107847,0.890462798,1.526887275,76.49,171.85,64.78,923.55,4786.41,49.57,NA,-85.4,-95.57,-90.485,3.68,9.51,NA,NA,0.31,6
104,Sag_lat,Sagittaria latifolia,Alismataceae,Alismatales,monocots,1.503619653,1.250742795,0.225458324,0.58898537,0.756538221,0.984361045,1.246201336,1.471571569,0.843806623,75.24,111.91,29.46,345.07,3711.65,5.6,NA,-77.68,-90.96,-84.32,2.94,5.78,NA,NA,0.09,3
105,Sal_sco,Salix scouleriana,Salicaceae,Malpighiales,rosids,1.778962217,1.477664314,0.443860418,0.616690278,0.710655442,0.998768674,0.914180821,0.890416016,0.9450813,108.68,205.99,89.07,869.44,5070.25,4.73,27.73,-85.97,-88.54,-87.255,5.58,1.7,NA,NA,0.31,5
106,Sam_nig,Sambucus nigra,Adoxaceae,Dipsacales,asterids,2.395403835,2.052171753,0.475294547,0.676571429,0.765084539,0.986341053,0.804332667,0.990419714,0.837421155,69.25,191.61,137.4,26624.59,5343.66,2.11,NA,-96.44,-87.71,-92.075,6.9,3.96,NA,NA,0.34,6
107,Sau_cer,Saururus cernuus,Saururaceae,Piperales,basal angiosperms,1.328803508,1.204564398,0.633145364,0.804981044,0.853519011,0.949977299,0.961400998,0.978209801,0.746791262,35.1,109.74,117.07,215.7,4786.46,1.37,NA,-98.62,-91.74,-95.18,6.38,2.28,NA,NA,0.3,2
108,Sau_mad,Saurauia madrensis,Actinidiaceae,Ericales,asterids,1.84305221,1.620199821,0.852329749,0.612788458,0.697743952,0.895053908,0.766838869,0.830557828,0.908937177,59.97,23.28,4.44,194.13,523.48,0.69,NA,-97.55,-96.25,-96.9,1.18,0.38,NA,NA,0.25,6
109,Sch_pol,Schinus polygama,Anacardiaceae,Sapindales,rosids,2.819064118,1.088131348,0,0.741090912,0.885985484,0,0.992392632,1.299473621,0,193.36,123.33,117.86,789.5,2975.2,NA,NA,-98.34,-97.98,-98.16,6.8,17.25,NA,NA,0.27,5
110,Sim_chi,Simmondsia chinensis,Simmondsiaceae,Caryophyllales,rosids,2.102115771,1.780045792,0.971224958,0.687158223,0.728811256,0.89549498,0.897495413,1.027100193,1.078628952,185.81,160.98,35.24,1594.13,4039.71,4.5,7.81,-89.68,-93.79,-91.735,3.95,1.14,1.29,2.67,0.78,5
111,Smi_his,Smilax tamnoides,Smilacaceae,Liliales,monocots,1.916147591,1.485358655,0.241939908,0.706223117,0.739153887,0.996660911,0.889368746,0.886753291,0.537872542,35.48,192.71,258.66,354.04,6619.92,5.56,26.25,-88.65,-41.28,-64.965,1.87,1.67,0.44,1.35,0.37,3
112,Sol_lig,Solanum ligustrinum,Solanaceae,Solanales,asterids,1.187906216,1.047155503,0.68502359,0.738544638,0.768684613,0.906613144,0.949075164,1.063477444,1.231687184,125.29,39.19,27.15,295.75,993.57,2.49,10.35,-32.39,-66.49,-49.44,3.37,10.68,NA,NA,0.38,6
113,Sta_chi,Stachyurus chinensis,Stachyuraceae,Crossosomatales,rosids,1.682379357,1.387462368,0.327633121,0.776913775,0.82221122,0.997236382,0.841136862,0.87995693,0.709224639,57.69,151.39,51.36,356.33,3553.27,0.88,NA,-92.64,-97.02,-94.83,4.33,0.99,NA,NA,0.3,5
114,Tas_lan,Tasmannia lanceolata,Winteraceae,Canellales,basal angiosperms,1.849690382,1.539939284,0.494567983,0.63239826,0.718810099,0.995230687,1.03794696,1.468857256,1.693261373,157.81,146.84,191.15,1127.45,2659.92,11.66,40.11,-74.15,-55.18,-64.665,3.94,9.43,0.34,1.03,0.36,2
115,Tec_spe,Tecomanthe speciosa,Bignoniaceae,Lamiales,asterids,2.697126821,2.398538361,0.643495117,0.567396449,0.688172788,0.931647396,0.864454466,0.852063254,0.810811387,62.84,240.77,217.05,952.71,5792.89,3.56,NA,-87.56,-91.02,-89.29,NA,3.76,1,1.14,0.27,6
116,Tod_bar,Todea barbara,Osmundaceae,Osmundales,ferns,1.884816207,1.673884025,1.395993263,0.718663511,0.742558304,0.866663777,1.068311617,1.465615511,1.654694937,81.07,433.12,103.95,572.61,20597.91,5.33,NA,-2.59,-73.92,-38.255,6.09,0.15,0.6,1.84,0.29,1
117,Tri_lan,Trichostema lanatum,Lamiaceae,Lamiales,asterids,2.497827649,2.211198514,0,0.438851859,0.60152498,0,0.913261169,1.116798373,0,203.84,68.4,38.09,175.32,58.07,NA,NA,34.23,-83.63,-24.7,6.27,12.56,NA,NA,0.55,6
118,Tro_ara,Trochodendron aralioides,Trochodendraceae,Trochodendrales,basal eudicots,2.707729512,2.333997942,0.443257583,0.655876139,0.776262756,0.978968024,0.900567489,0.912189406,1.005800233,193.91,NA,134.48,1408.48,4930.09,4.78,10.68,-72.41,-89.34,-80.875,3.25,16.81,1.48,3.47,0.38,4
119,Ure_car,Urera caracasana,Urticaceae,Rosales,rosids,1.4818758,1.356025116,0.940754814,0.795079641,0.829434883,0.906401892,0.789363609,0.78201208,0.821539706,31.89,99.19,22.9,256.91,8183.11,10.95,NA,-38.22,-86.83,-62.525,1.05,0.47,NA,NA,0.19,5
120,Vio_gla,Viola glabella,Violaceae,Malpighiales,rosids,1.904820332,1.400293572,0,0.742903704,0.855585839,0,0.78968931,0.724133603,0,20.1,49.14,71.39,387.4,3646.37,1.9,NA,-81.52,-57.93,-69.725,1,1.39,NA,NA,0.42,5
