spp_code,leaf_area,SLA,LMA,LDMC,VTotV,PS_M,PS_L,PSS_M,PSS_L,WP_M,WP_L,SWP_M,SWP_L,SS_M,SS_L,WS_M,WS_L,SWS_M,SWS_L,e_W,e_L,E_W,E_L,Kleaf_max,Dkleaf_M,Dkleaf_L,P50,P88,ISI,gsw_max,A_max,Phe
Abe_mex,4.33,23.62,42.34,225.59,4.18,13.02,7.68,50.08,43.61,36.44,12.38,140.17,70.35,2.08,0.29,0.18,1.88,279.24,9796.62,3.23,NA,0.015,NA,5,-98.56,-93.56,0.35,1.08,0.45,175.68,12.59,4.12
Aex_pun,10.23,4.95,202.22,515.82,48.97,10.42,6.95,14.32,17.14,27.6,11.97,37.49,29.6,0.94,0.06,0.38,0.45,399.92,1195.09,6.3,100.15,0.322,0.374,2.49,-80.3,-65.09,0.50,1.53,0.38,29.81,2.22,6.21
Ale_cor,33.42,6.75,148.11,468.49,237.94,117.4,20.53,309.03,79.06,316,28.34,837.99,108.49,6.34,0.21,1.25,2.17,1793.69,6891.41,6.03,13.57,0.115,0.038,0.65,-80.23,-83.97,0.60,2.46,0.32,33.65,5.25,6.18
Als_lig,11.35,21.3,46.94,118.23,2.88,5.05,4.22,53.34,44.52,8.79,7.96,93.9,83.56,0.15,0.01,0.03,0.14,67.77,340.52,64.26,NA,0.192,NA,33.78,-98.96,-98.5,NA,NA,0.19,NA,NA,1.8
Ane_cal,52.5,10.7,93.44,161.03,33.09,50.53,10.83,43.94,25.28,178.8,39.59,157.41,81.95,0.66,0.24,1.78,3.26,1410.28,9720.78,0.21,10.65,0.068,0.026,15.64,-58.92,-56.47,0.21,1.28,0.29,634.27,26.75,6.41
Arg_spi,1.07,9.06,110.34,367.49,3.8,8.31,5.37,45.25,38.64,24.3,8.83,132.61,62.69,3.93,0.15,0.08,1.05,226.86,3250.95,5.34,NA,0.017,NA,27.43,-54.72,-13.44,NA,NA,0.66,NA,NA,4.86
Ari_bae,8.61,13.48,74.16,328.83,4.03,19.59,14.45,118.48,102.71,42.27,25.96,255.49,182.43,5.04,0.2,0.3,1.8,736.49,7176.13,3.36,NA,0.014,NA,1.06,68.81,-52.18,NA,NA,0.38,NA,NA,3.14
Asi_tri,97.54,26.22,38.14,295.62,445.59,27.12,12.74,85.59,69.34,55.66,15.43,173.39,82.34,1.51,0.39,0.93,0.92,704.1,2889.36,7.49,NA,0.288,NA,1.71,-90.18,-95.84,NA,NA,0.3,NA,NA,1
Asp_obl,29.46,8.98,111.38,283.96,13.44,37.15,18.24,84.26,43.95,77.25,39.86,172.89,96.02,3.59,0.28,0.6,2.83,753.83,6613.71,1.9,19.6,0.147,0.207,0.59,-91.01,-60.23,NA,NA,0.32,NA,NA,0.81
Ast_ban,105.31,3.74,267.6,331.52,10.76,168.21,114.28,74.18,93.47,661.64,247.48,291.58,201.42,9.76,1.21,5.36,7.05,7046.25,6966.23,1.16,1.07,13.066,3.344,0.8,-96.7,-99.03,0.41,1.05,0.16,29.07,3.68,0.41
Auc_jap,15.06,6.43,160,352.49,NA,NA,25.17,NA,142.76,NA,5.15,NA,54.21,2.15,0.22,0.95,1.55,1011.14,5380.43,1.76,5.58,0.086,0.091,1.43,-88.96,-87.07,NA,NA,0.4,NA,NA,1.44
Bar_pur,7.95,5.75,173.8,382.96,1,NA,46.05,NA,200.17,NA,98.55,NA,425.33,14.88,1.9,1.76,2.14,7774.52,7458.79,527.49,783.02,0.574,0.464,5.12,-85.98,-94.62,NA,NA,0.27,NA,NA,3.6
Beg_for,48.83,30.52,32.76,75.95,50.97,18.71,5.28,103.94,28.57,61.98,9.78,344.31,52.77,0.67,0.09,0.49,0.5,502.5,1980.69,0.33,NA,0.027,NA,4.73,-94.1,-95.28,NA,NA,0.25,NA,NA,4.42
Bei_tar,42.39,6.69,149.37,424.6,91.16,57.91,40.29,97.47,89.53,118.2,68.57,198.65,153.18,7.82,0.21,1.52,2.39,2107.18,5479.78,2.67,9.32,0.215,0.075,3.56,-96.23,-97.61,NA,NA,0.31,NA,NA,5.31
Bux_har,2.53,5.63,177.74,519.49,14.93,NA,46.51,NA,152.04,NA,102.93,NA,336.58,7.96,0.61,0.89,1.75,2102.02,5637.53,6.95,NA,0.076,NA,6.4,18.1,-9.66,1.28,3.91,0.65,52.32,4.73,1.29
Cal_nut,26.9,8.88,112.58,287.53,7.37,26.6,20.58,63.34,54.8,56.47,42.46,134.45,114.29,7.39,1.17,0.67,1.66,2395.21,6975.67,213.83,683.15,1.173,1.057,3.23,-87.55,-95.09,NA,NA,0.24,NA,NA,1.17
Cal_pan,35.81,6.25,159.9,432.94,44.59,79.55,13.49,184.97,53.34,172.64,20.21,404.43,80.23,8.1,0.3,0.81,2.55,1444.21,9783.98,1.63,60.36,0.067,0.136,2.73,-91.62,-97.42,0.53,1.62,0.37,50.49,6.13,3.5
Cam_sin,19.14,11.26,88.83,389.29,44.4,33.7,13.47,50.3,65.5,63.26,28.99,94.42,141.34,5.21,0.2,1.2,1.47,2397.97,7295.4,6.17,48.02,0.123,0.055,1.91,-86.96,-88.98,2.62,4.73,0.44,49.83,4,3.27
Can_can,12.44,39.88,25.07,171.52,3.26,17.07,7.4,36.59,49.62,40.63,15.44,89.5,103.99,2.12,0.21,0.09,0.6,203.67,5301.48,15.87,NA,0.017,NA,1.09,-78.99,-82.62,NA,NA,0.26,NA,NA,3.97
Car_pal,1.61,16.7,59.88,375.88,40.16,5.81,3.5,27.66,21.63,10.72,5.85,50.73,35.6,1.61,0.08,0.07,0.37,176.25,1615.71,NA,NA,NA,NA,1.99,-68.97,-87.35,NA,NA,0.54,NA,NA,4.22
Car_pen,64.72,8.02,124.74,367.88,6.73,53.67,82.61,155.26,338.8,131.88,194.26,387.81,795.82,34.92,0.83,0.29,5.51,1264.17,13545.2,399.7,525.01,1.968,1.162,0.17,-72.17,-96.66,NA,NA,0.33,NA,NA,0.98
Cat_edu,13.43,7.63,130.98,399.63,21.57,NA,16.63,NA,42.07,NA,22.35,NA,61.26,2.84,0.24,2.45,1.71,4436.9,5078.43,11.62,NA,0.057,NA,4.21,-65.58,47.05,NA,NA,0.47,115.24,8.59,6.93
Cel_aus,14.08,17.3,57.8,334.84,19.78,24.48,11.4,115.8,80.24,57.58,26.61,273.53,188.28,3.72,0.45,0.36,2.38,1181.49,13405.02,3.33,NA,0.017,NA,3.67,-84.16,-43.6,NA,NA,0.37,NA,NA,0.81
Cel_ten,31.66,18.21,54.91,356.94,163.28,50.4,4.87,97.93,13.7,133.37,10.27,258.13,27.97,3.83,0.09,0.21,1.19,419.46,3706.13,1.87,NA,0.056,NA,0.52,-54.21,10.97,NA,NA,0.38,NA,NA,1.52
Chi_nit,28.65,17.47,57.23,453.18,79.03,27.49,12,91.63,35.47,61.53,19.88,205.09,59.49,8.18,0.34,0.81,2.35,2157.35,14912.49,11.47,46.27,0.067,0.065,3.13,-76.97,-69.35,0.37,1.35,0.35,6.39,0.83,2.47
Chl_spi,14.51,23.79,42.03,191.39,30.61,36.51,16.89,65.71,83.14,115.37,36.76,204.68,180.25,2.66,0.22,0.55,1.2,695.86,5481.03,1.76,33.89,0.027,0.032,0.82,-61.87,1.04,NA,NA,0.38,NA,NA,1.93
Cis_ant,43.34,11.48,87.08,370.23,463.39,18.84,18.64,40.14,78.95,58.25,35.49,125.1,153.1,3.86,0.18,0.46,1.18,719.63,6570.09,1.97,7.21,0.101,0.055,0.33,-58.35,-72.28,NA,NA,0.36,NA,NA,3.79
Cis_pop,12.58,10.14,98.63,336.77,15.46,20.66,7.18,29.65,27.07,70.13,23.53,100.7,88.45,1.42,0.11,0.63,1.14,604.2,3883,2.15,NA,0.018,NA,0.44,235.79,88.1,NA,NA,0.41,NA,NA,7.29
Cit_mon,19,5.68,176.02,453.59,150.36,139.44,31.33,328.71,125.43,364.59,68.17,856.42,272.37,10.04,1.25,1.85,7.76,3478.44,25410.3,52.97,64.7,0.56,0.18,2.58,100.51,-84.15,NA,NA,0.35,NA,NA,4.8
Clu_ala,120.38,5.51,181.47,190.25,13.82,99.06,37.01,35.81,40.03,404.01,87.03,136.84,94.31,1.73,0.16,6.82,5.03,2537.08,6656.66,6.68,16.92,2.245,1.04,15.69,-94.61,-94.42,NA,NA,0.23,NA,NA,3.4
Cne_tri,4.7,6.4,156.15,387.14,6.26,21.8,10.23,61.34,22.46,58.02,23.56,162.82,51.39,0.09,0.19,2.65,0.76,5539.32,2005.3,13.88,NA,0.057,NA,25.15,-24.94,-53.79,NA,NA,0.58,NA,NA,4.57
Com_ery,25.51,21.34,46.86,313.49,17.63,45.98,10.86,242,69.37,138.51,16.97,729.01,110.98,2.69,0.29,0.69,0.99,1796.08,7112.13,1.88,NA,0.009,NA,5.99,-96.16,-96.04,0.49,1.51,0.44,97.79,8.16,4.92
Com_umb,2.47,6.75,148.07,276.38,10.48,2.38,1.61,7.75,4.33,3.9,2.81,12.75,7.57,0.26,0.02,0.02,0.07,47.89,249.96,NA,NA,NA,NA,25.45,-20.38,-33.94,NA,NA,0.5,NA,NA,6.64
Cor_bud,7.57,7.26,137.81,434.75,6.39,25.93,13.4,83.02,49.55,73.52,26.91,235.3,98.61,4.37,0.43,0.2,0.6,494.29,2739.28,13.55,NA,0.196,NA,2.11,-16.86,292.2,NA,NA,0.39,NA,NA,5.87
Cor_lae,36.38,10.02,99.85,280.96,45.72,103.53,19.44,254.81,90.29,258.78,29.23,635.89,136.09,5.92,0.24,0.81,2.01,1258.42,6161.07,3.95,13.73,0.098,0.079,2.07,-67.57,-79.64,0.51,1.88,0.3,45.43,6.3,1.09
Cos_tap,18.78,17.91,55.84,98.39,15.69,33.04,18.81,46.96,50.98,77.13,32.58,107.82,88.62,1.49,0.21,1.05,1.94,889.25,4118.85,2.9,5.2,0.115,0.08,0.89,-77.93,-83.75,NA,NA,0.22,NA,NA,1.44
Cri_pat,11.64,7.76,128.81,445.18,9.58,57.37,6.11,224.43,36.11,155.2,7.64,617.76,45.79,1.03,0.08,0.22,0.89,438.41,3048.4,14.41,NA,0.067,NA,12.4,-94.05,-88.04,NA,NA,0.32,NA,NA,5.77
Cup_nud,6.23,25.19,39.69,239.86,0.13,3.41,1.32,8.1,5.58,9.15,2.29,19.35,9.62,0.32,0.04,0.04,0.14,85.45,727.39,2.64,NA,0.032,NA,3.34,-20.34,-73.02,NA,NA,0.48,NA,NA,5.76
Cus_spi,36.94,12.4,80.65,276.73,161.19,30.95,20.54,100.73,73.63,394.24,42.89,303.26,154.5,1.28,0.15,2.45,1.53,1444.49,4725.71,3.25,NA,0.322,NA,2.18,-63.2,-82.84,1.71,2.39,0.32,239.36,12.08,2.47
Cya_ful,6.41,26.75,37.38,229.61,37.94,4.57,1.48,9.36,5.64,14.01,2.96,28.53,11.26,0.43,NA,0.08,NA,103.71,NA,2.57,NA,0.025,NA,0.93,-98.55,-89.86,NA,NA,0.31,43.5,3.33,1.21
Cyc_bip,80.19,17.51,57.1,239.78,517.99,87.03,12.85,94.22,71.39,211.41,30.64,228.95,170.2,4.71,0.17,0.48,0.98,622.98,5878.35,2.45,NA,0.168,NA,0.64,-75.61,-58.14,NA,NA,0.24,NA,NA,0.43
Dap_him,50.32,8.22,121.62,362.28,595.18,29.43,19.86,86.57,57.67,62.97,48.11,185.2,138.05,2.78,0.15,0.88,2.12,1043.45,6564.48,0.93,7.98,0.068,0.06,3.32,-70.48,-79.31,0.56,1.7,0.38,49.22,5.95,2.08
Del_fis,35.14,11.04,90.58,247.34,133.4,15.39,6.54,25.86,31.85,59.17,17.58,99.81,86.03,2.29,0.18,0.21,1.25,394.86,5643.93,2.89,NA,0.019,NA,13.69,-94.84,-95.37,NA,NA,0.3,NA,NA,2.26
Des_spi,10.31,6.62,151.09,439.4,11.13,51.67,19.4,120.15,77.6,139.87,61.58,325.29,246.33,7.56,0.27,0.64,2.29,1075.82,5558.93,25.7,219.04,0.367,0.72,26.53,-96,-93.52,0.29,0.98,0.57,115.1,9.89,1.31
Dic_ant,3.14,9.43,106.06,355.62,0.25,78.76,16.26,141.13,56.32,215.86,41.36,391.9,143.59,1.03,3.01,0.56,8.24,542.53,35020.8,63.3,NA,6.154,NA,0.19,158.8,-12.7,2.27,6.87,0.25,29.23,3.59,2.66
Dic_feb,21.15,16.36,61.13,219.19,6.86,18.96,5.58,63.19,32.76,42.42,10.48,141.4,61.67,1.58,0.11,0.39,0.72,566.1,2946.15,0.46,6.21,0.062,0.054,1.55,-53.01,-26.32,NA,NA,0.36,NA,NA,2.85
Dic_squ,5.34,8.1,123.52,435.44,15.82,152.62,19.74,145.77,49.31,665.52,57.26,636.78,142.62,0.91,2.29,0.79,22.14,556.34,48815.26,69.01,NA,14.762,NA,0.24,414.25,175.69,NA,NA,0.31,NA,NA,3.92
Dio_lyc,0.24,9.83,101.78,350.15,5.68,11.16,9.53,24.27,29.54,12.76,15.01,27.74,46.53,0.09,0.18,0.36,1.02,577.58,3306.71,0.62,NA,0.008,NA,32.91,0,-38.74,NA,NA,0.34,NA,NA,6.68
Dio_pol,26.47,21.46,46.6,310.03,25.39,15.87,9.3,100.42,63.72,30.81,13.97,198.13,96.73,6.4,0.13,0.05,0.56,142.04,3064.74,24.27,NA,0.026,NA,0.91,-85.86,-91.06,NA,NA,0.26,NA,NA,1.27
Dip_esc,7.69,23.12,43.25,205.37,5.32,18.55,65.93,3.39,8.24,65.06,230.98,24.16,58.83,0.92,1.25,0.38,2.96,499.66,13565.37,16.63,NA,0.418,NA,7.51,-92.21,-91.7,0.49,0.96,0.2,59.2,5.24,5.06
Dir_occ,0.32,23.52,42.52,380.77,63.99,21.58,12.74,62.17,71.57,65.12,37.12,183.48,196.15,2.64,0.13,0.26,0.95,643.2,4218.45,4.16,5.66,0.033,0.013,6.68,-52.67,-85.16,NA,NA,0.48,NA,NA,1.83
Doo_asp,59.79,8.35,119.71,408.71,5.06,87.1,33.14,145.71,116.86,258.87,73.55,430.26,255.77,1.61,3.32,0.53,2.16,498.89,8330.02,115.59,NA,23.999,NA,1.19,-97.4,-97.1,2.24,3.33,0.41,120.41,3.27,5.12
Dry_rem,2.04,17.88,55.93,276.69,2.14,56.65,13,150.33,53.21,125.99,37.36,328.01,152.71,1.39,1.45,0.08,3.18,145.63,13797.98,34.61,NA,5.563,NA,2.07,-82.48,-76.88,NA,NA,0.31,NA,NA,2.1
Ehr_acu,15.64,15.45,64.72,294.32,98.75,9.83,4.18,24.93,15.35,22.83,7.25,57.85,26.84,0.66,0.06,0.12,0.48,188.19,1564.21,3,7.71,0.052,0.038,10.54,-96.59,-70.22,NA,NA,0.36,NA,NA,2.6
Equ_tel,2.02,15.4,64.92,186.06,1.09,NA,7.63,NA,36.04,NA,15,NA,77.16,NA,NA,NA,NA,NA,NA,14.45,NA,0.412,NA,7.3,NA,-1.51,NA,NA,0.27,NA,NA,2.11
Esc_her,25.51,12.75,78.44,276.39,190.61,64.18,8.55,157.83,46.85,187.75,13.42,455.57,73.35,1.21,0.14,0.84,0.77,829.84,3249.5,8.91,96.26,0.169,0.098,1.62,-81.54,-67.46,NA,NA,0.33,NA,NA,4.84
Euc_cri,2.04,6.16,162.41,510.82,6.07,NA,21.94,NA,63.26,NA,41.07,NA,118.3,11.83,0.92,1.18,2.25,2258.59,6827.64,29.47,39.83,0.133,0.091,28.99,-63.89,-62.41,NA,NA,0.53,NA,NA,6.96
Eur_jap,5.16,6.62,150.95,476.56,26.03,NA,33.98,NA,139.61,NA,63.44,NA,260.54,6.83,0.38,0.29,1.53,601.13,5920.35,2.95,25.51,0.032,0.07,2.45,-76.07,-47.36,NA,NA,0.42,NA,NA,2.41
Eus_jap,13.27,13.01,76.87,364.74,57.85,23.93,8.32,59.82,36.62,54.34,14.5,135.84,63.31,3.51,0.12,0.31,0.76,499.14,4487.42,0.67,NA,0.022,NA,9.4,-98.68,-98.73,NA,NA,0.24,NA,NA,6.4
Fra_son,140.04,14.06,71.12,147.08,2216.44,38.02,11.27,31.26,24.26,132.62,29,108.72,57.24,0.2,0.02,0.16,0.67,129.92,1460.66,90.38,78.85,0.281,0.063,1.63,-75.73,-90.31,0.66,1,0.24,68.94,7.57,6.64
Gom_keu,16.54,3.62,276.2,456.18,139.17,99.71,35.33,153.62,69.1,235.99,71.96,364,140.59,5.29,0.19,1.61,2.79,1715.99,4501.98,4.8,11.99,0.434,0.258,11.79,-74,-38.86,NA,NA,0.33,NA,NA,6.77
Hel_chi,7.83,11.35,88.09,319.52,18.55,19.45,8.57,51.2,36.54,59.4,22.05,156.32,94.35,1.55,0.13,0.4,0.66,544.69,2308.55,2.88,19.1,0.159,0.118,12.67,-47.82,-65.27,NA,NA,0.39,10.02,1.28,2.02
Hib_sca,9.73,10.9,91.72,215.56,35.94,33.59,21.39,37.82,53.05,117.93,48.33,132.67,120.1,3.03,0.22,0.51,1.45,737.11,4048.73,4.21,NA,0.07,NA,3.2,-66.45,-43.6,NA,NA,0.33,NA,NA,4.13
Ill_lan,24.02,8.97,111.47,348.92,132.84,NA,22.97,NA,72.21,NA,45.06,NA,141.87,3.62,0.15,0.86,1.53,1591.79,4090.29,5.81,18.57,0.089,0.098,12.4,-98.25,-98.42,0.16,0.51,0.35,55.35,5.48,1.27
Ite_ili,11.12,4.83,207.03,449.71,210.92,NA,33.29,NA,73.38,NA,93.99,NA,209.15,4.08,0.27,0.91,4.98,1450.33,18989.68,5.83,75.75,0.321,0.616,4.65,-63.64,13.43,NA,NA,0.38,NA,NA,4.68
Kni_uva,26.49,10.85,92.15,123.35,3.25,98.16,43.84,118.26,67.06,395.29,146.15,476.25,219.26,1.66,0.71,0.97,5.55,390.98,5351.83,30.11,71.2,4.51,2.344,11.58,-81.95,-96.71,NA,NA,0.22,NA,NA,1.02
Lon_jap,17.32,20.57,48.61,232.93,18.9,4.54,14.16,36.57,64.35,9.32,37.47,76.27,170.3,3.27,0.24,0.12,1.09,325.21,6525.94,NA,NA,NA,NA,12.78,-91.93,-97.54,NA,NA,0.33,NA,NA,1.48
Luz_niv,8.1,10.73,93.22,326.73,1.92,NA,29.77,NA,148.91,NA,66.5,NA,333.32,NA,1,NA,1.39,NA,6999.55,467.62,NA,0.239,NA,12.87,NA,-70.54,NA,NA,0.43,NA,NA,2.61
Mag_che,62.28,10.68,93.62,370.41,61.69,125.64,13.68,136.56,39.04,332.13,22.33,361.01,63.49,5.06,0.15,1.69,1.93,2524.91,5771.59,9.79,NA,0.14,NA,34.83,-97.17,-97.46,0.73,1.96,0.27,63.41,6.35,1.75
Mal_pal,17.55,9.91,100.94,355.68,91.37,2.38,5.75,3.03,10.17,5.99,14.62,7.7,25.63,0.31,0.02,0.06,0.3,83.35,731.72,0.12,NA,0.013,NA,4.73,-93.84,-92.73,NA,NA,0.5,NA,NA,1.57
Mel_maj,30.87,11.55,86.55,322.1,291.92,92.75,9.41,128.82,36.19,266.53,16.9,370.18,64.46,1.69,0.16,1.14,3.17,804.79,13784.6,8.67,NA,0.087,NA,1.18,-79.58,5.23,NA,NA,0.23,NA,NA,7
Met_dav,26.72,10.1,99.04,379.65,52,46.55,16.11,103.45,64.45,101.01,37.86,224.47,151.45,3.42,0.16,0.43,1.21,688.75,5196.97,9.25,26.62,0.088,0.03,1.12,-35.56,-5.56,0.56,1.96,0.34,57.12,7.33,0.85
Mic_mul,24.15,21.91,45.64,234.05,118.07,23.93,10.22,44.66,51.36,63.91,23.08,119.33,119.31,1.38,0.28,0.31,0.83,480.59,9266.65,4.43,NA,0.036,NA,1.36,-88.02,-56.83,NA,NA,0.26,NA,NA,6.16
Mic_pla,3.45,11.8,84.72,384.68,12.06,23.74,9.97,95.21,90.17,63.76,22.31,253.04,204.7,0.66,0.66,0.33,3.23,368.47,8601.36,NA,NA,NA,NA,0.86,-84.17,-94.05,0.75,2.3,0.36,26.65,2.51,2.83
Mon_car,2.09,17.85,56.03,200.91,6.87,15.75,12.04,107.9,68.46,31.46,34.57,218.28,218.15,6.08,0.24,0.16,0.37,731.59,2453.54,NA,NA,NA,NA,4.86,NA,NA,NA,NA,0.39,NA,NA,4.41
Myr_rub,15.58,7.26,137.72,506.38,86.63,73.11,19.8,116.04,75.08,256.08,50.74,406.47,197.96,4.12,0.26,1.19,1.3,1536.5,5473.72,1.19,NA,0.093,NA,10.19,-92.69,-95.53,NA,NA,0.31,NA,NA,4.39
Nan_dom,11.45,10.65,93.92,479.3,31.74,NA,12.49,NA,79.81,NA,17.98,NA,115.16,6.39,0.41,0.81,1.5,1522.99,8099.51,7.32,NA,0.102,NA,2.73,-52.14,52.28,1.24,3.76,0.43,47.57,3.9,6.1
Not_fus,3.4,6.48,154.23,518.16,21.52,36.94,13.82,153.9,62.55,59.81,23.03,249.2,104.16,8.06,0.36,0.84,1.91,2790.33,6925.46,11.75,20.88,0.033,0.04,11.09,-85.84,55.56,1.14,4.33,0.31,26.44,8.96,6.38
Nym,171.84,14.06,71.15,208.31,NA,36.9,11.82,34.11,17.01,122.69,31.28,114.17,45.23,1.31,0.09,1.23,2.31,630.64,4267.1,0.18,3.13,0.254,0.146,0.48,77.66,281.01,NA,NA,0.23,NA,NA,6.74
Ole_eur,2.67,5.42,184.6,541.78,5.01,NA,28.31,NA,76.83,NA,71.19,NA,186.36,6.03,0.96,2.25,3.08,4456.98,8692.09,4.5,NA,0.081,NA,3.38,-33.13,-40.6,NA,NA,0.83,NA,NA,3.52
Ono_sen,34.01,44.36,22.54,163.17,7.47,21.21,7.79,44.38,70.62,47.31,20.6,99.38,190.5,1.64,0.25,0.37,1.23,458.1,4948.88,3.11,NA,0.104,NA,1.16,-88.57,-95.99,NA,NA,0.22,NA,NA,5.95
Osm_ber,6.95,52.87,18.91,187.13,0.4,9.61,4.43,24.95,48.8,25.41,11.75,66.74,128.74,14.56,0.5,0.11,1.25,875.28,14448.04,NA,NA,NA,NA,7.59,-8.19,1.59,NA,NA,0.44,NA,NA,2.35
Pae_bro,18.01,14.3,69.92,272.77,97.62,52.85,19.33,166.73,96.76,164.72,49.22,521.06,240.39,0.08,0.2,18.62,1.55,42792.97,6640.94,NA,NA,NA,NA,16.29,-88.56,-89.37,NA,NA,0.44,NA,NA,7.54
Par_tor,118.19,4.05,246.69,576.9,30.83,247.58,99.47,317.86,191.29,439.46,204.18,553.15,363.09,45.64,1.05,3.42,0.27,3483.18,19.49,55.85,266.02,5.561,2.529,1.19,-99.93,-99.73,NA,NA,0.23,NA,NA,2.54
Per_acu,10.99,14.97,66.78,145.23,6.69,2.93,2.29,5.49,5.32,7.94,5.61,14.83,12.62,0.12,0.02,0.11,0.18,86.13,447.89,NA,NA,NA,NA,0.4,-82.01,-89.7,NA,NA,0.33,NA,NA,1.7
Peu_bol,11.96,7.84,127.61,439.73,51.05,48.57,20.26,100.7,72.9,120.86,36.31,250.17,130.58,0.75,0.04,0.62,0.77,746.56,1788.63,41.74,33.13,1.6,0.229,7.3,-93.84,-93.96,NA,NA,0.5,NA,NA,4.16
Phi_lat,8.9,5.09,196.63,527.92,50.22,86.75,25.25,211.61,78.95,201.88,47.64,491.99,150.69,0.14,0.24,27.1,1.69,48897.43,4948.59,17.92,41.33,0.331,0.144,20.03,-74.6,-83.7,NA,NA,0.39,NA,NA,4.39
Phi_var,9.76,36.51,27.39,164.92,13.8,27.76,15.2,82.09,89.39,59.04,30.58,170.27,179.88,5.1,0.28,0.12,1,232.78,5380.5,15.77,NA,0.034,NA,2.26,-32.61,-91.55,NA,NA,0.32,NA,NA,0.8
Phy_pur,3.47,18.72,53.41,324.12,2.23,4.74,1.69,14.97,9.2,10.26,2.91,30.59,16.17,0.57,0.08,0.04,0.24,89.05,1366.71,2.51,NA,0.015,NA,4.14,-86.87,-83.78,NA,NA,0.34,NA,NA,6.26
Pit_vir,10.88,9.87,101.35,349.87,73.44,53.51,18.79,140.81,65.89,130.02,44.01,342.17,154.37,1.61,0.2,0.8,1.38,1000.73,4783.9,3.53,2.3,0.094,0.012,6.23,10.85,-87.43,0.28,0.86,0.57,120.37,8.96,2.33
Pla_ori,58.73,11,90.88,388.51,87.72,31.34,6.33,130.22,31.06,84.63,9.25,349.36,46.33,5.13,0.07,0.62,5.22,1103.9,12301.78,5.01,1.03,0.028,0.029,5.85,-78.32,-71.55,NA,NA,0.32,NA,NA,3.48
Pol_cor,4.98,15.52,64.43,382.2,3.13,9.16,6.31,57.27,48.6,17.03,10.3,106.45,79.55,4.44,0.36,0.13,0.57,701.9,4960.75,NA,NA,NA,NA,2.06,-1.56,-65.79,NA,NA,0.43,NA,NA,3.32
Pol_cri,37.68,17.01,58.79,194.98,52.56,43.84,11.69,105.05,52.36,95.22,21.27,225.92,94.12,1.36,0.12,1.1,0.77,2127.92,3679.12,15.35,241.16,0.146,0.184,2.13,73.74,272.13,NA,NA,0.35,NA,NA,5.54
Pol_vir,20.65,30.27,33.03,217.63,97.63,28,12.03,62.22,97.03,67.95,20.89,145.69,168.42,1.95,0.19,0.32,0.92,676.66,5492.09,NA,NA,NA,NA,0.66,-63,-72.36,NA,NA,0.35,NA,NA,5.85
Pro_hoo,7.53,24.52,40.78,289.95,27.93,2.16,1.42,10.02,8.54,3.18,2.17,13.87,11.93,0.84,0.06,0.06,0.35,155.74,1838.76,7.01,NA,0.015,NA,0.5,-66.9,-81.37,NA,NA,0.29,NA,NA,4.1
Pte_esc,5.6,5.49,182.17,441.31,0.03,235.48,51.71,398.82,143.92,763.87,211.87,1294.39,590.65,2.87,0.94,0.99,11.02,858.62,20955,216.75,NA,18.939,NA,0.25,-64.22,-20.29,2.17,2.44,0.4,92.84,10.42,4.12
Puy_alp,28.88,6.75,148.21,165.89,1.4,17.48,15.25,18.7,20.28,52.61,52.9,56.26,70.47,0.46,0.29,0.14,0.53,83.6,585.06,26.29,113.05,2.447,1.478,0.8,-57.14,-75.93,NA,NA,0.21,NA,NA,0.72
Qui_sap,8.32,6.26,159.71,429.42,17.63,56.94,15.9,162.17,53.85,115.58,28.07,329.92,95.11,1.18,0.06,0.24,1.17,400.51,2995.29,8.62,7.75,0.085,0.039,1.22,-72.2,38.52,NA,NA,0.64,NA,NA,6.17
Ran_lae,3.17,13.72,72.89,404.87,51.44,20.56,10.62,49.34,73.71,37.63,15.76,80.74,108.72,3.2,0.38,0.13,0.57,365.54,3832.33,15.23,NA,0.011,NA,1.41,-49.67,137.42,NA,NA,0.64,NA,NA,5.53
Res_lut,10.19,16.54,60.47,185.57,81.97,21.14,6.05,23.2,28.51,49.44,20.06,53.33,93.46,1.2,0.46,0.4,0.74,428.56,3094.59,26.02,NA,0.114,NA,2.14,-91.9,-93.48,NA,NA,0.38,NA,NA,2.76
Rha_pir,11.37,7.25,138.02,478.66,109.57,46.42,46.7,64.3,99.57,125.9,115.63,155.68,265.85,0.19,0.23,30.49,1.59,35358.86,4178.95,0.67,6.85,0.06,0.039,4.77,-33.86,-22.83,NA,NA,0.48,NA,NA,3.69
Rib_vib,11.06,9.16,109.12,398.51,1.61,27.73,15.79,73.37,66.39,68.88,27.71,176.16,116.43,1.48,0.15,0.28,0.88,657.85,3056.75,1.22,NA,0.019,NA,1.82,10.89,9.06,NA,NA,0.29,NA,NA,6.64
Rom_cou,36.67,6.15,162.72,282.49,259.63,1.93,16.88,1.65,54.39,4.12,45.27,3.44,145.31,0.17,0.06,0.34,0.34,328.25,1077.33,NA,NA,NA,NA,5.3,-74.46,-65.36,NA,NA,0.27,NA,NA,2.71
Rub_odo,87.28,17.37,57.59,377.75,375.18,14.06,3.39,37.96,20.51,33.87,3.87,93.04,23.49,1.04,0.07,0.18,0.63,255.1,2452.56,NA,NA,NA,NA,3.37,-92.44,-89.13,NA,NA,0.41,NA,NA,6.35
Rub_tin,2.28,13.07,76.49,301.33,8.69,36.82,6.87,66.33,34.33,95.6,12.96,171.85,64.78,2.52,0.28,0.48,0.77,923.55,4786.41,49.57,NA,0.061,NA,9.51,-85.4,-95.57,NA,NA,0.31,NA,NA,3.68
Sag_lat,40.96,13.29,75.24,160.17,56.3,14.02,6.9,26.23,35.23,59.76,5.8,111.91,29.46,1.13,0.13,0.25,0.67,345.07,3711.65,5.6,NA,0.031,NA,5.78,-77.68,-90.96,NA,NA,0.09,NA,NA,2.94
Sal_sco,9.95,9.2,108.68,374.14,14.2,70.38,9.83,77.44,42.34,189.9,20.12,205.99,89.07,2.39,0.25,0.74,1.04,869.44,5070.25,4.73,27.73,0.079,0.039,1.7,-85.97,-88.54,NA,NA,0.31,NA,NA,5.58
Sam_nig,3.97,14.44,69.25,274.64,13.88,13.42,10,92.69,75.81,27.86,18.43,191.61,137.4,0.11,0.21,5.96,0.79,26624.59,5343.66,2.11,NA,0.021,NA,3.96,-96.44,-87.71,NA,NA,0.34,NA,NA,6.9
Sau_cer,30.76,28.49,35.1,197.61,41.31,12.85,5.06,35.5,60.36,40.45,9.71,109.74,117.07,5.64,0.12,0.11,0.7,215.7,4786.46,1.37,NA,0.014,NA,2.28,-98.62,-91.74,NA,NA,0.3,NA,NA,6.38
Sau_mad,57.04,16.67,59.97,215.11,1520.17,6.95,1.93,8.06,3.42,19.94,2.49,23.28,4.44,0.22,0.02,0.32,0.33,194.13,523.48,0.69,NA,0.174,NA,0.38,-97.55,-96.25,NA,NA,0.25,NA,NA,1.18
Sch_pol,2.04,5.17,193.36,471.49,1.48,16.9,12.13,61.36,51.46,34,27.75,123.33,117.86,6.25,0.33,0.28,0.74,789.5,2975.2,NA,NA,NA,NA,17.25,-98.34,-97.98,NA,NA,0.27,NA,NA,6.8
Sim_chi,5.8,5.38,185.81,357.85,40,42.99,16.57,80.21,33.49,85.66,17.57,160.98,35.24,3.03,0.19,0.96,2.28,1594.13,4039.71,4.5,7.81,0.054,0.054,1.14,-89.68,-93.79,1.29,2.67,0.78,116.51,8.3,3.95
Smi_his,54.06,28.19,35.48,208.5,54.49,25.91,9.7,88.67,102.5,57.09,24.27,192.71,258.66,3.18,0.14,0.2,0.78,354.04,6619.92,5.56,26.25,0.028,0.037,1.67,-88.65,-41.28,0.44,1.35,0.37,NA,NA,1.87
Sol_lig,5.78,7.98,125.29,259.55,82.14,8.14,5.28,12.94,12.39,25.17,11.78,39.19,27.15,0.3,0.04,0.3,0.53,295.75,993.57,2.49,10.35,0.296,0.122,10.68,-32.39,-66.49,NA,NA,0.38,NA,NA,3.37
Sta_chi,38.34,17.33,57.69,296.37,50.45,18.05,8.13,55.54,26.55,49.23,16.72,151.39,51.36,3.27,0.07,0.23,0.9,356.33,3553.27,0.88,NA,0.019,NA,0.99,-92.64,-97.02,NA,NA,0.3,NA,NA,4.33
Tas_lan,6.78,6.34,157.81,378.75,10.85,30.15,21.36,69.51,87.97,63.97,46.59,146.84,191.15,4.32,0.32,0.52,0.83,1127.45,2659.92,11.66,40.11,0.067,0.136,9.43,-74.15,-55.18,0.34,1.03,0.36,32.25,5.43,3.94
Tec_spe,30.12,15.91,62.84,174.73,82.59,65.7,23.93,76.52,93.05,205.77,55.81,240.77,217.05,1.47,0.24,0.73,1.45,952.71,5792.89,3.56,NA,0.108,NA,3.76,-87.56,-91.02,1.00,1.14,0.27,66.05,5.05,NA
Tod_bar,1.57,12.33,81.07,395.44,9.94,79.15,6.42,156.44,34.34,218.34,19.71,433.12,103.95,0.63,2.99,0.57,8.69,572.61,20597.91,5.33,NA,0.149,NA,0.15,-2.59,-73.92,0.60,1.84,0.29,81.45,5.19,6.09
Tri_lan,1.36,4.91,203.84,426.39,2.17,8.13,6.45,18.9,23.23,29.41,10.72,68.4,38.09,1.34,0.43,0.11,0.03,175.32,58.07,NA,NA,NA,NA,12.56,34.23,-83.63,NA,NA,0.55,NA,NA,6.27
Tro_ara,18.34,5.16,193.91,461.71,43.63,NA,25.85,NA,66.02,NA,51.88,NA,134.48,4.38,0.17,0.75,1.75,1408.48,4930.09,4.78,10.68,0.102,0.092,16.81,-72.41,-89.34,1.48,3.47,0.38,60.06,4.75,3.25
Ure_car,352.5,31.36,31.89,145.18,1230.28,28.53,3.72,28.7,13.87,93.35,6.2,99.19,22.9,0.86,0.17,0.3,1.23,256.91,8183.11,10.95,NA,0.122,NA,0.47,-38.22,-86.83,NA,NA,0.19,NA,NA,1.05
Vio_gla,24.18,49.75,20.1,135.26,3.78,9.61,4.95,25.07,49.9,20.71,7.07,49.14,71.39,1.55,0.08,0.14,0.93,387.4,3646.37,1.9,NA,0.007,NA,1.39,-81.52,-57.93,NA,NA,0.42,NA,NA,1
